Datetime,Temp_Ext,Temp_Max,Temp_Min,Hum_Ext,Pto_Rocio,Vel_Viento,Dir_Viento,Rec_Viento,Vel_Max,Dir_Max,Sens_Term,Ind_Calor,Ind_THW,Ind_THSW,Bar,Lluvia,Int_Lluvia,Rad_Solar,Int_Rad_Solar,Max_Rad_Solar,Indice_UV,Dosis_UV,UV_Max,Grad_D_Calor,Grad_D_Frio,Temp_Int,Hum_Int,Rocio_Int,In_Cal_Int,EMC_Int,Dens_Int,ET,Hum_Hoja1,Vel_Muest_Viento,Dir_Muest_Viento,ISS,Arc
2026-08-17T03:10:00Z,12.8,12.9,12.8,23,-7.8,3.2,SSO,0.54,8,S,12.8,10.9,10.9,NA,1004.8,0,0,0,0,0,NA,NA,NA,0.038,0,18.2,67,11.9,18.1,12.46,1.1855,0,NA,234,1,100,10
2026-08-17T03:20:00Z,12.8,12.8,12.8,23,-7.8,3.2,SO,0.54,6.4,OSO,12.8,10.9,10.9,NA,1004.4,0,0,0,0,0,NA,NA,NA,0.038,0,18.2,67,11.9,18.1,12.46,1.185,0,NA,233,1,100,10
2026-08-17T03:30:00Z,12.8,12.8,12.7,23,-7.9,3.2,OSO,0.54,9.7,SSO,12.8,10.8,10.8,NA,1004.7,0,0,0,0,0,NA,NA,NA,0.039,0,18.1,67,11.9,17.9,12.46,1.1857,0,NA,234,1,100,10
2026-08-17T03:40:00Z,12.7,12.8,12.7,23,-7.9,4.8,OSO,0.8,9.7,O,12.7,10.8,10.8,NA,1004.4,0,0,0,0,0,NA,NA,NA,0.039,0,18.1,67,11.9,17.9,12.46,1.1853,0,NA,234,1,100,10
2026-08-17T03:50:00Z,12.6,12.7,12.6,23,-8,3.2,SO,0.54,9.7,O,12.6,10.7,10.7,NA,1004.4,0,0,0,0,0,NA,NA,NA,0.04,0,18.1,67,11.9,17.9,12.46,1.1853,0,NA,233,1,100,10
2026-08-17T04:00:00Z,12.6,12.7,12.6,22,-8.6,3.2,OSO,0.54,6.4,SO,12.6,10.7,10.7,NA,1004.6,0,0,0,0,0,NA,NA,NA,0.04,0,18.1,67,11.9,17.9,12.46,1.1855,0.05,NA,234,1,100,10
2026-08-17T04:10:00Z,12.6,12.6,12.6,22,-8.6,3.2,OSO,0.54,9.7,O,12.6,10.7,10.7,NA,1004.2,0,0,0,0,0,NA,NA,NA,0.04,0,18.1,67,11.9,17.9,12.46,1.185,0,NA,234,1,100,10
2026-08-17T04:20:00Z,12.6,12.6,12.5,22,-8.6,4.8,OSO,0.8,11.3,OSO,12.6,10.7,10.7,NA,1003.9,0,0,0,0,0,NA,NA,NA,0.04,0,18.1,67,11.9,17.9,12.46,1.1848,0,NA,234,1,100,10
2026-08-17T04:30:00Z,12.8,12.8,12.6,22,-8.4,4.8,OSO,0.8,14.5,OSO,12.8,10.8,10.8,NA,1004,0,0,0,0,0,NA,NA,NA,0.039,0,18.1,67,11.9,17.9,12.46,1.1848,0,NA,233,1,100,10
2026-08-17T04:40:00Z,12.8,12.8,12.8,22,-8.4,4.8,OSO,0.8,12.9,OSO,12.8,10.8,10.8,NA,1003.6,0,0,0,0,0,NA,NA,NA,0.039,0,18.1,67,11.9,17.9,12.46,1.1844,0,NA,233,1,100,10
2026-08-17T04:50:00Z,12.8,12.8,12.8,23,-7.9,3.2,OSO,0.54,14.5,SO,12.8,10.8,10.8,NA,1003.9,0,0,0,0,0,NA,NA,NA,0.039,0,18.1,67,11.9,17.9,12.46,1.1848,0,NA,234,1,100,10
2026-08-17T05:00:00Z,12.8,12.8,12.8,23,-7.8,3.2,OSO,0.54,6.4,OSO,12.8,10.9,10.9,NA,1004.2,0,0,0,0,0,NA,NA,NA,0.038,0,18.1,67,11.9,17.9,12.46,1.185,0.08,NA,234,1,100,10
2026-08-17T05:10:00Z,12.8,12.8,12.8,23,-7.8,4.8,OSO,0.8,14.5,OSO,12.8,10.9,10.9,NA,1003.5,0,0,0,0,0,NA,NA,NA,0.038,0,18.1,67,11.9,17.9,12.46,1.1843,0,NA,234,1,100,10
2026-08-17T05:20:00Z,12.9,12.9,12.8,23,-7.8,4.8,OSO,0.8,12.9,SSO,12.9,10.9,10.9,NA,1003.5,0,0,0,0,0,NA,NA,NA,0.038,0,18.1,67,11.9,17.9,12.46,1.1842,0,NA,234,1,100,10
2026-08-17T05:30:00Z,12.9,12.9,12.9,23,-7.8,3.2,SO,0.54,9.7,O,12.9,10.9,10.9,NA,1003.3,0,0,0,0,0,NA,NA,NA,0.038,0,18.1,67,11.9,17.9,12.46,1.184,0,NA,234,1,100,10
2026-08-17T05:40:00Z,12.8,12.9,12.8,24,-7.3,3.2,OSO,0.54,11.3,SO,12.8,10.9,10.9,NA,1003.7,0,0,0,0,0,NA,NA,NA,0.038,0,18.1,67,11.9,17.9,12.46,1.1845,0,NA,233,1,100,10
2026-08-17T05:50:00Z,12.9,12.9,12.8,24,-7.2,4.8,OSO,0.8,14.5,O,12.9,10.9,10.9,NA,1003.3,0,0,0,0,0,NA,NA,NA,0.038,0,18.1,67,11.8,17.9,12.46,1.1843,0,NA,234,1,100,10
2026-08-17T06:00:00Z,13,13,12.9,24,-7.1,4.8,OSO,0.8,12.9,O,13,11.1,11.1,NA,1003.5,0,0,0,0,0,NA,NA,NA,0.037,0,18.1,68,12.1,18,12.75,1.184,0.08,NA,233,1,100,10
2026-08-17T06:10:00Z,13,13.1,13,24,-7.1,3.2,OSO,0.54,6.4,OSO,13,11.1,11.1,NA,1003.7,0,0,0,0,0,NA,NA,NA,0.037,0,18.1,68,12.1,18,12.75,1.1842,0,NA,233,1,100,10
2026-08-17T06:20:00Z,13.1,13.1,13,24,-7.1,3.2,OSO,0.54,6.4,SO,13.1,11.1,11.1,NA,1003.7,0,0,0,0,0,NA,NA,NA,0.037,0,18.1,68,12.1,18,12.75,1.1842,0,NA,233,1,100,10
2026-08-17T06:30:00Z,13.1,13.1,13.1,24,-7.1,1.6,OSO,0.27,8,OSO,13.1,11.1,11.1,NA,1003.3,0,0,0,0,0,NA,NA,NA,0.037,0,18.1,68,12.1,17.9,12.75,1.184,0,NA,234,1,100,10
2026-08-17T06:40:00Z,13.1,13.1,13.1,25,-6.5,1.6,SO,0.27,4.8,SO,13.1,11.2,11.2,NA,1003.5,0,0,0,0,0,NA,NA,NA,0.036,0,18.1,68,12.1,17.9,12.75,1.1843,0,NA,234,1,100,10
2026-08-17T06:50:00Z,13.1,13.1,13.1,25,-6.6,3.2,SO,0.54,4.8,SO,13.1,11.1,11.1,NA,1003.1,0,0,0,0,0,NA,NA,NA,0.037,0,18.1,68,12.1,18,12.75,1.1835,0,NA,234,1,100,10
2026-08-17T07:00:00Z,13.2,13.2,13.1,25,-6.5,3.2,SO,0.54,9.7,SSO,13.2,11.2,11.2,NA,1003,0,0,0,0,0,NA,NA,NA,0.036,0,18.1,68,12.1,17.9,12.75,1.1837,0.05,NA,233,1,100,10
2026-08-17T07:10:00Z,13.2,13.2,13.2,25,-6.4,3.2,OSO,0.54,11.3,ONO,13.2,11.2,11.2,NA,1002.9,0,0,0,0,0,NA,NA,NA,0.035,0,18.1,68,12.1,17.9,12.75,1.1835,0,NA,234,1,100,10
2026-08-17T07:20:00Z,13.3,13.3,13.2,25,-6.4,3.2,OSO,0.54,11.3,OSO,13.3,11.3,11.3,NA,1002.6,0,0,0,0,0,NA,NA,NA,0.035,0,18.1,68,12.1,17.9,12.75,1.1833,0,NA,233,1,100,10
2026-08-17T07:30:00Z,13.3,13.3,13.3,25,-6.4,3.2,SO,0.54,16.1,OSO,13.3,11.3,11.3,NA,1002.4,0,0,0,0,0,NA,NA,NA,0.035,0,18.1,68,12.1,17.9,12.75,1.1829,0,NA,235,1,100,10
2026-08-17T07:40:00Z,13.2,13.3,13.2,25,-6.4,3.2,SO,0.54,16.1,OSO,13.2,11.2,11.2,NA,1002.2,0,0,0,0,0,NA,NA,NA,0.035,0,18.1,68,12.1,17.9,12.75,1.1828,0,NA,233,1,100,10
2026-08-17T07:50:00Z,13.2,13.2,13.2,25,-6.4,3.2,SO,0.54,9.7,OSO,13.2,11.2,11.2,NA,1002.4,0,0,0,0,0,NA,NA,NA,0.035,0,18.1,68,12.1,17.9,12.75,1.1829,0,NA,233,1,100,10
2026-08-17T08:00:00Z,13.2,13.2,13.2,25,-6.5,3.2,SO,0.54,11.3,OSO,13.2,11.2,11.2,NA,1002.5,0,0,0,0,0,NA,NA,NA,0.036,0,18.1,68,12.1,17.9,12.75,1.1831,0.05,NA,233,1,100,10
2026-08-17T08:10:00Z,13.1,13.2,13.1,25,-6.5,3.2,OSO,0.54,8,SO,13.1,11.2,11.2,NA,1002.4,0,0,0,0,0,NA,NA,NA,0.036,0,18.1,68,12.1,17.9,12.75,1.183,0,NA,234,1,100,10
2026-08-17T08:20:00Z,13.1,13.1,13.1,25,-6.6,3.2,SO,0.54,6.4,SO,13.1,11.1,11.1,NA,1002.3,0,0,0,0,0,NA,NA,NA,0.037,0,18.1,68,12.1,17.9,12.75,1.1829,0,NA,232,1,100,10
2026-08-17T08:30:00Z,13,13.1,12.9,25,-6.6,3.2,SO,0.54,6.4,O,13,11.1,11.1,NA,1002.2,0,0,0,0,0,NA,NA,NA,0.037,0,18.1,68,12.1,17.9,12.75,1.1827,0,NA,234,1,100,10
2026-08-17T08:40:00Z,12.9,13,12.9,25,-6.7,1.6,SSO,0.27,6.4,O,12.9,11,11,NA,1002.4,0,0,0,0,0,NA,NA,NA,0.037,0,18.1,68,12.1,17.9,12.75,1.1829,0,NA,233,1,100,10
2026-08-17T08:50:00Z,12.9,13,12.9,25,-6.7,1.6,SO,0.27,4.8,SO,12.9,11,11,NA,1002.9,0,0,0,0,0,NA,NA,NA,0.037,0,18.1,68,12.1,17.9,12.75,1.1836,0,NA,234,1,100,10
2026-08-17T09:00:00Z,13,13,12.9,25,-6.6,1.6,OSO,0.27,4.8,SSO,13,11.1,11.1,NA,1002.8,0,0,0,0,0,NA,NA,NA,0.037,0,18.1,68,12.1,17.9,12.75,1.1835,0.05,NA,234,1,100,10
2026-08-17T09:10:00Z,13,13,12.9,26,-6.1,1.6,SO,0.27,4.8,SO,13,11.1,11.1,NA,1003,0,0,0,0,0,NA,NA,NA,0.037,0,18.1,68,12.1,17.9,12.75,1.1836,0,NA,234,1,100,10
2026-08-17T09:20:00Z,13.1,13.1,13,26,-6,1.6,SO,0.27,4.8,OSO,13.1,11.2,11.2,NA,1003.1,0,0,0,0,0,NA,NA,NA,0.037,0,18.1,68,12.1,17.9,12.75,1.1838,0,NA,234,1,100,10
2026-08-17T09:30:00Z,13.1,13.1,13.1,26,-6,1.6,OSO,0.27,4.8,SSO,13.1,11.2,11.2,NA,1003.3,0,0,0,0,0,NA,NA,NA,0.036,0,18.1,68,12.1,17.9,12.75,1.1841,0,NA,233,1,100,10
2026-08-17T09:40:00Z,13.2,13.2,13.1,26,-5.9,3.2,SO,0.54,6.4,SE,13.2,11.3,11.3,NA,1003.2,0,0,0,0,0,NA,NA,NA,0.035,0,18.1,68,12.1,17.9,12.75,1.1839,0,NA,234,1,100,10
2026-08-17T09:50:00Z,13.3,13.3,13.2,26,-5.8,1.6,SSO,0.27,6.4,SO,13.3,11.4,11.4,NA,1003.1,0,0,0,0,0,NA,NA,NA,0.035,0,18.1,68,12.1,17.9,12.75,1.1838,0,NA,233,1,100,10
2026-08-17T10:00:00Z,13.4,13.4,13.3,26,-5.8,3.2,OSO,0.54,11.3,O,13.4,11.4,11.4,NA,1003.1,0,0,0,0,0,NA,NA,NA,0.034,0,18.1,68,12.1,17.9,12.75,1.1837,0.05,NA,234,1,100,10
2026-08-17T10:10:00Z,13.4,13.4,13.4,26,-5.7,1.6,SSO,0.27,6.4,O,13.4,11.5,11.5,NA,1003.5,0,0,0,0,0,NA,NA,NA,0.034,0,18.1,68,12.1,17.9,12.75,1.1843,0,NA,233,1,100,10
2026-08-17T10:20:00Z,13.6,13.6,13.4,26,-5.6,3.2,SO,0.54,9.7,SO,13.6,11.6,11.6,NA,1003.5,0,0,0,0,0,NA,NA,NA,0.033,0,18.1,68,12.1,17.9,12.75,1.1843,0,NA,231,1,100,10
2026-08-17T10:30:00Z,13.6,13.6,13.6,26,-5.6,3.2,SO,0.54,6.4,SSO,13.6,11.6,11.6,NA,1003.4,0,0,0,0,0,NA,NA,NA,0.033,0,18.1,68,12.1,17.9,12.75,1.1841,0,NA,233,1,100,10
2026-08-17T10:40:00Z,13.7,13.7,13.6,26,-5.5,3.2,SO,0.54,11.3,OSO,13.7,11.7,11.7,NA,1003.7,0,0,0,0,0,NA,NA,NA,0.032,0,18.1,68,12.1,17.9,12.75,1.1845,0,NA,234,1,100,10
2026-08-17T10:50:00Z,13.7,13.7,13.7,26,-5.5,3.2,OSO,0.54,8,OSO,13.7,11.7,11.7,NA,1003.6,0,0,0,0,0,NA,NA,NA,0.032,0,18,68,12,17.9,12.75,1.1847,0,NA,235,1,100,10
2026-08-17T11:00:00Z,13.7,13.7,13.7,26,-5.5,4.8,SO,0.8,11.3,SO,13.7,11.7,11.7,NA,1003.7,0,0,2,0.03,5,NA,NA,NA,0.032,0,18,68,12,17.9,12.75,1.1848,0.05,NA,233,1,100,10
2026-08-17T11:10:00Z,13.7,13.7,13.7,26,-5.5,4.8,OSO,0.8,12.9,OSO,13.7,11.7,11.7,NA,1003.5,0,0,5,0.07,7,NA,NA,NA,0.032,0,18,69,12.2,17.9,13.04,1.1843,0,NA,234,1,100,10
2026-08-17T11:20:00Z,13.8,13.8,13.7,26,-5.4,3.2,SSO,0.54,9.7,O,13.8,11.8,11.8,NA,1003.9,0,0,6,0.09,7,NA,NA,NA,0.032,0,18,69,12.2,17.9,13.04,1.1848,0,NA,234,1,100,10
2026-08-17T11:30:00Z,13.8,13.8,13.8,26,-5.4,4.8,SO,0.8,11.3,OSO,13.8,11.8,11.8,NA,1003.9,0,0,5,0.07,5,NA,NA,NA,0.032,0,18,69,12.2,17.9,13.04,1.1848,0,NA,233,1,100,10
2026-08-17T11:40:00Z,13.8,13.8,13.8,26,-5.4,4.8,SO,0.8,11.3,O,13.8,11.8,11.8,NA,1004.1,0,0,7,0.1,9,NA,NA,NA,0.032,0,18,69,12.2,17.9,13.04,1.185,0,NA,234,1,100,10
2026-08-17T11:50:00Z,13.8,13.8,13.8,26,-5.4,3.2,SO,0.54,11.3,SSO,13.8,11.8,11.8,NA,1004,0,0,9,0.13,11,NA,NA,NA,0.031,0,18,69,12.2,17.9,13.04,1.185,0,NA,234,1,100,10
2026-08-17T12:00:00Z,13.9,13.9,13.8,26,-5.3,4.8,OSO,0.8,14.5,O,13.9,11.8,11.8,NA,1004.1,0,0,11,0.16,14,NA,NA,NA,0.031,0,18,69,12.2,17.9,13.04,1.185,0.08,NA,235,1,100,10
2026-08-17T12:10:00Z,13.9,13.9,13.8,26,-5.3,4.8,OSO,0.8,12.9,OSO,13.9,11.8,11.8,NA,1004.2,0,0,23,0.33,26,NA,NA,NA,0.031,0,18,69,12.2,17.9,13.04,1.1852,0,NA,234,1,100,10
2026-08-17T12:20:00Z,13.9,13.9,13.9,26,-5.3,4.8,SO,0.8,12.9,OSO,13.9,11.9,11.9,NA,1004.3,0,0,20,0.29,25,NA,NA,NA,0.03,0,17.9,69,12.2,17.8,13.04,1.1856,0,NA,233,1,100,10
2026-08-17T12:30:00Z,13.9,13.9,13.9,26,-5.3,3.2,SO,0.54,8,OSO,13.9,11.9,11.9,NA,1004.8,0,0,19,0.27,21,NA,NA,NA,0.03,0,18,69,12.2,17.9,13.04,1.1859,0,NA,234,1,100,10
2026-08-17T12:40:00Z,14,14,13.9,26,-5.2,4.8,SO,0.8,11.3,OSO,14,11.9,11.9,NA,1004.6,0,0,27,0.39,32,NA,NA,NA,0.03,0,17.9,69,12.2,17.8,13.04,1.1859,0,NA,234,1,100,10
2026-08-17T12:50:00Z,14.1,14.1,14,26,-5.2,4.8,SO,0.8,14.5,O,14.1,12,12,NA,1004.7,0,0,29,0.42,37,NA,NA,NA,0.03,0,18,69,12.2,17.9,13.04,1.1857,0,NA,234,1,100,10
2026-08-17T13:00:00Z,14.1,14.1,14.1,26,-5.2,3.2,SO,0.54,11.3,ONO,14.1,12,12,NA,1005,0,0,22,0.32,33,NA,NA,NA,0.03,0,18,69,12.2,17.9,13.04,1.1861,0.08,NA,234,1,100,10
2026-08-17T13:10:00Z,13.9,14.1,13.9,26,-5.3,3.2,OSO,0.54,11.3,OSO,13.9,11.9,11.9,NA,1004.7,0,0,24,0.34,42,NA,NA,NA,0.03,0,17.9,69,12.2,17.8,13.04,1.1861,0,NA,235,1,100,10
2026-08-17T13:20:00Z,13.9,14,13.9,26,-5.3,4.8,OSO,0.8,9.7,SO,13.9,11.8,11.8,NA,1004.9,0.25,0,36,0.52,51,NA,NA,NA,0.031,0,18,69,12.2,17.9,13.04,1.1861,0,NA,233,1,100,10
2026-08-17T13:30:00Z,13.8,13.9,13.8,26,-5.4,3.2,OSO,0.54,11.3,O,13.8,11.8,11.8,NA,1005,0,0,24,0.34,30,NA,NA,NA,0.031,0,17.9,69,12.2,17.8,13.04,1.1865,0,NA,232,1,100,10
2026-08-17T13:40:00Z,13.8,13.8,13.8,26,-5.4,4.8,SO,0.8,12.9,OSO,13.8,11.8,11.8,NA,1005.2,0,0,20,0.29,30,NA,NA,NA,0.031,0,17.9,69,12.2,17.8,13.04,1.1866,0,NA,234,1,100,10
2026-08-17T13:50:00Z,13.8,13.8,13.8,26,-5.4,4.8,SO,0.8,12.9,O,13.8,11.8,11.8,NA,1005.2,0,0,22,0.32,30,NA,NA,NA,0.032,0,18,69,12.2,17.9,13.04,1.1864,0,NA,234,1,100,10
2026-08-17T14:00:00Z,13.8,13.8,13.8,26,-5.4,3.2,SO,0.54,8,OSO,13.8,11.8,11.8,NA,1004.9,0,0,27,0.39,37,NA,NA,NA,0.032,0,18,69,12.2,17.9,13.04,1.1861,0.08,NA,233,1,100,10
2026-08-17T14:10:00Z,13.8,13.8,13.8,26,-5.4,3.2,SO,0.54,8,OSO,13.8,11.8,11.8,NA,1005.1,0,0,33,0.47,47,NA,NA,NA,0.032,0,18,69,12.2,17.9,13.04,1.1862,0,NA,235,1,100,10
2026-08-17T14:20:00Z,13.7,13.8,13.7,26,-5.5,4.8,SO,0.8,16.1,ESE,13.7,11.7,11.7,NA,1004.7,0,0,48,0.69,81,NA,NA,NA,0.032,0,18,69,12.2,17.9,13.04,1.1858,0,NA,232,1,100,10
2026-08-17T14:30:00Z,13.8,13.8,13.7,27,-4.9,4.8,SO,0.8,11.3,OSO,13.8,11.8,11.8,NA,1004.8,0,0,67,0.96,98,NA,NA,NA,0.032,0,18,69,12.2,17.9,13.04,1.1859,0,NA,233,1,100,10
2026-08-17T14:40:00Z,13.7,13.8,13.7,27,-5,4.8,OSO,0.8,14.5,OSO,13.7,11.8,11.8,NA,1004.9,0,0,41,0.59,46,NA,NA,NA,0.032,0,18,69,12.2,17.9,13.04,1.186,0,NA,234,1,100,10
2026-08-17T14:50:00Z,13.7,13.7,13.7,27,-5,4.8,SO,0.8,12.9,ONO,13.7,11.8,11.8,NA,1004.8,0,0,35,0.5,40,NA,NA,NA,0.032,0,18,69,12.2,17.9,13.04,1.1858,0,NA,233,1,100,10
2026-08-17T15:00:00Z,13.7,13.7,13.7,27,-5,6.4,SO,1.07,16.1,OSO,13.7,11.8,11.7,NA,1003.1,0,0,64,0.92,151,NA,NA,NA,0.032,0,17.9,69,12.2,17.8,13.04,1.1841,0.08,NA,234,1,100,10
2026-08-17T15:10:00Z,13.7,13.8,13.7,27,-5,6.4,SO,1.07,17.7,SO,13.7,11.8,11.7,NA,1003.9,0,0,58,0.83,139,NA,NA,NA,0.032,0,17.9,69,12.2,17.8,13.04,1.185,0,NA,233,1,100,10
2026-08-17T15:20:00Z,13.6,13.7,13.6,27,-5.1,9.7,OSO,1.61,27.4,SSO,13,11.7,11.1,NA,1003.8,0,0,20,0.29,28,NA,NA,NA,0.033,0,17.9,70,12.4,17.9,13.34,1.1848,0,NA,233,1,100,10
2026-08-17T15:30:00Z,13.6,13.7,13.6,27,-5.1,8,OSO,1.34,17.7,O,13.2,11.6,11.2,NA,1003.6,0,0,11,0.16,14,NA,NA,NA,0.033,0,17.9,69,12.2,17.8,13.04,1.1847,0,NA,234,1,100,10
2026-08-17T15:40:00Z,13.6,13.6,13.6,27,-5.1,6.4,OSO,1.07,17.7,SO,13.5,11.6,11.6,NA,1003.8,0.25,0,10,0.14,16,NA,NA,NA,0.033,0,17.9,70,12.4,17.9,13.34,1.1848,0,NA,232,1,100,10
2026-08-17T15:50:00Z,13.6,13.6,13.6,27,-5.1,4.8,OSO,0.8,11.3,OSO,13.6,11.6,11.6,NA,1004.5,0.76,28.7,0,0,5,NA,NA,NA,0.033,0,17.9,70,12.4,17.9,13.34,1.1856,0,NA,233,1,100,10
2026-08-17T16:00:00Z,13.5,13.6,13.5,27,-5.2,4.8,SO,0.8,11.3,O,13.5,11.6,11.6,NA,1004.7,4.57,43.4,6,0.09,7,NA,NA,NA,0.034,0,17.9,70,12.4,17.9,13.34,1.1858,0.08,NA,234,1,100,10
2026-08-17T16:10:00Z,13.4,13.5,13.4,27,-5.3,6.4,SO,1.07,14.5,OSO,13.3,11.5,11.4,NA,1004.5,3.05,31,3,0.04,7,NA,NA,NA,0.034,0,17.9,70,12.4,17.9,13.34,1.1855,0,NA,232,1,100,10
2026-08-17T16:20:00Z,13.2,13.4,13.2,27,-5.5,4.8,SO,0.8,16.1,OSO,13.2,11.3,11.3,NA,1004.3,1.52,20.6,1,0.01,5,NA,NA,NA,0.036,0,17.9,70,12.4,17.9,13.34,1.1853,0,NA,234,1,100,10
2026-08-17T16:30:00Z,12.9,13.2,12.9,27,-5.6,8,SO,1.34,17.7,SSE,12.5,11.1,10.7,NA,1003.8,0.76,5.6,4,0.06,5,NA,NA,NA,0.037,0,17.9,70,12.3,17.8,13.33,1.185,0,NA,235,1,100,10
2026-08-17T16:40:00Z,12.8,12.9,12.8,27,-5.8,4.8,SO,0.8,16.1,O,12.8,11,11,NA,1004.5,1.27,13.5,3,0.04,7,NA,NA,NA,0.039,0,17.9,70,12.3,17.8,13.33,1.1858,0,NA,233,1,100,10
2026-08-17T16:50:00Z,12.6,12.8,12.6,28,-5.4,6.4,OSO,1.07,17.7,OSO,12.4,10.9,10.7,NA,1005.9,1.02,7.1,5,0.07,9,NA,NA,NA,0.04,0,17.9,69,12.2,17.8,13.04,1.1875,0,NA,234,1,100,10
2026-08-17T17:00:00Z,12.5,12.6,12.5,28,-5.5,6.4,OSO,1.07,16.1,OSO,12.3,10.8,10.6,NA,1004.2,1.02,10.7,9,0.13,14,NA,NA,NA,0.041,0,17.9,69,12.1,17.8,13.03,1.1857,0.08,NA,233,1,100,10
2026-08-17T17:10:00Z,12.4,12.5,12.4,28,-5.6,6.4,OSO,1.07,16.1,O,12.2,10.8,10.5,NA,1004.1,0.51,10.7,21,0.3,44,NA,NA,NA,0.041,0,17.9,69,12.1,17.8,13.03,1.1856,0,NA,233,1,100,10
2026-08-17T17:20:00Z,12.5,12.5,12.4,28,-5.5,3.2,OSO,0.54,11.3,O,12.5,10.8,10.8,NA,1004.8,0.76,5.1,27,0.39,42,NA,NA,NA,0.041,0,17.9,69,12.1,17.8,13.03,1.1864,0,NA,234,1,100,10
2026-08-17T17:30:00Z,12.6,12.6,12.5,28,-5.5,4.8,SO,0.8,11.3,OSO,12.6,10.9,10.9,NA,1004.4,0.25,5.1,19,0.27,26,NA,NA,NA,0.04,0,17.9,69,12.1,17.8,13.03,1.186,0,NA,233,1,100,10
2026-08-17T17:40:00Z,12.4,12.6,12.4,28,-5.6,8,SO,1.34,16.1,SO,11.9,10.8,10.2,NA,1003.8,0.25,1.8,50,0.72,63,NA,NA,NA,0.041,0,17.9,69,12.1,17.8,13.03,1.1852,0,NA,233,1,100,10
2026-08-17T17:50:00Z,12.3,12.4,12.3,28,-5.7,6.4,OSO,1.07,19.3,OSO,12.1,10.7,10.4,NA,1004.4,0.25,2.8,44,0.63,62,NA,NA,NA,0.042,0,17.8,69,12.1,17.7,13.03,1.1863,0,NA,233,1,100,10
2026-08-17T18:00:00Z,12.3,12.3,12.3,28,-5.7,6.4,OSO,1.07,14.5,OSO,12,10.7,10.4,NA,1004.5,1.02,17.3,46,0.66,77,NA,NA,NA,0.042,0,17.9,69,12.1,17.8,13.03,1.1861,0.08,NA,234,1,100,10
2026-08-17T18:10:00Z,12.2,12.3,12.2,28,-5.8,6.4,SO,1.07,12.9,OSO,11.9,10.6,10.3,NA,1004.2,1.02,16.3,103,1.48,134,NA,NA,NA,0.042,0,17.8,69,12.1,17.7,13.03,1.186,0,NA,232,1,100,10
2026-08-17T18:20:00Z,12.2,12.2,12.2,28,-5.8,6.4,SO,1.07,12.9,OSO,11.9,10.6,10.3,NA,1004.2,0,1.5,52,0.75,65,NA,NA,NA,0.043,0,17.8,69,12.1,17.7,13.03,1.186,0,NA,233,1,100,10
2026-08-17T18:30:00Z,12.1,12.2,12.1,28,-5.9,6.4,SSO,1.07,16.1,SSO,11.7,10.4,10.1,NA,1004.5,0,0,50,0.72,76,NA,NA,NA,0.044,0,17.8,69,12.1,17.7,13.03,1.1864,0,NA,234,1,100,10
2026-08-17T18:40:00Z,11.8,12.1,11.8,29,-5.7,8,SO,1.34,19.3,ENE,11.2,10.3,9.7,NA,1003.8,0.51,10.2,79,1.13,105,NA,NA,NA,0.045,0,17.8,69,12.1,17.7,13.03,1.1855,0,NA,235,1,100,10
2026-08-17T18:50:00Z,11.8,11.8,11.8,29,-5.7,8,OSO,1.34,20.9,O,11.1,10.3,9.6,NA,1004.2,0,1,54,0.77,74,NA,NA,NA,0.046,0,17.8,69,12,17.6,13.03,1.1863,0,NA,233,1,100,10
2026-08-17T19:00:00Z,11.8,11.8,11.8,29,-5.7,6.4,SO,1.07,20.9,SO,11.5,10.3,10,NA,1004.1,0,0,45,0.65,51,NA,NA,NA,0.045,0,17.7,69,12,17.6,13.03,1.1865,0.1,NA,233,1,100,10
2026-08-17T19:10:00Z,11.9,11.9,11.8,29,-5.6,4.8,SSO,0.8,17.7,OSO,11.9,10.4,10.4,NA,1004.5,0,0,34,0.49,49,NA,NA,NA,0.044,0,17.8,69,12,17.6,13.03,1.1866,0,NA,234,1,100,10
2026-08-17T19:20:00Z,11.9,12,11.9,29,-5.6,4.8,SO,0.8,14.5,SSO,11.9,10.4,10.4,NA,1004.7,0,0,25,0.36,32,NA,NA,NA,0.045,0,17.8,68,11.8,17.6,12.75,1.1872,0,NA,231,1,100,10
2026-08-17T19:30:00Z,11.7,11.9,11.7,29,-5.8,8,SO,1.34,22.5,O,11,10.2,9.5,NA,1004.9,0.25,0,22,0.32,26,NA,NA,NA,0.046,0,17.8,68,11.8,17.6,12.75,1.1874,0,NA,231,1,100,10
2026-08-17T19:40:00Z,11.6,11.7,11.6,29,-5.9,8,SO,1.34,17.7,NE,10.8,10.1,9.4,NA,1005,0,0,24,0.34,26,NA,NA,NA,0.047,0,17.7,68,11.7,17.6,12.75,1.1878,0,NA,233,1,100,10
2026-08-17T19:50:00Z,11.6,11.6,11.5,29,-5.9,6.4,SO,1.07,14.5,SE,11.2,10.1,9.7,NA,1005.1,0.25,1,24,0.34,26,NA,NA,NA,0.047,0,17.7,68,11.7,17.6,12.75,1.1879,0,NA,235,1,100,10
2026-08-17T20:00:00Z,11.3,11.6,11.3,29,-6.1,8,SO,1.34,19.3,OSO,10.5,9.9,9.1,NA,1005.3,0,1,17,0.24,19,NA,NA,NA,0.049,0,17.7,68,11.7,17.6,12.75,1.1881,0.08,NA,232,1,100,10
2026-08-17T20:10:00Z,11.2,11.3,11.2,29,-6.2,8,SO,1.34,20.9,SSO,10.4,9.8,9,NA,1005.2,0,0,22,0.32,26,NA,NA,NA,0.05,0,17.7,68,11.7,17.5,12.75,1.1883,0,NA,233,1,100,10
2026-08-17T20:20:00Z,11.2,11.2,11.2,29,-6.2,8,SO,1.34,14.5,OSO,10.4,9.8,9.1,NA,1005,0.51,7.4,30,0.43,35,NA,NA,NA,0.049,0,17.7,68,11.7,17.5,12.75,1.1881,0,NA,232,1,100,10
2026-08-17T20:30:00Z,11.3,11.3,11.2,29,-6.1,6.4,SO,1.07,17.7,OSO,10.8,9.9,9.4,NA,1005,0.25,3,26,0.37,32,NA,NA,NA,0.049,0,17.6,68,11.6,17.4,12.75,1.1884,0,NA,231,1,100,10
2026-08-17T20:40:00Z,11.3,11.3,11.3,29,-6.1,6.4,SO,1.07,16.1,S,10.9,9.9,9.5,NA,1005.1,0.25,2.8,17,0.24,25,NA,NA,NA,0.049,0,17.6,68,11.6,17.4,12.75,1.1885,0,NA,234,1,100,10
2026-08-17T20:50:00Z,11.2,11.3,11.2,29,-6.2,4.8,SO,0.8,16.1,SO,11.2,9.8,9.8,NA,1005.5,0,0,11,0.16,12,NA,NA,NA,0.049,0,17.6,68,11.6,17.4,12.75,1.189,0,NA,235,1,100,10
2026-08-17T21:00:00Z,11.1,11.3,11.1,29,-6.3,6.4,SO,1.07,14.5,SO,10.7,9.7,9.3,NA,1005.3,0,0,10,0.14,12,NA,NA,NA,0.05,0,17.6,68,11.6,17.4,12.75,1.1887,0.08,NA,234,1,100,10
2026-08-17T21:10:00Z,10.9,11.1,10.9,29,-6.4,6.4,SO,1.07,12.9,OSO,10.4,9.6,9.1,NA,1005.5,0,0,6,0.09,9,NA,NA,NA,0.051,0,17.6,68,11.6,17.4,12.75,1.1889,0,NA,234,1,100,10
2026-08-17T21:20:00Z,10.9,10.9,10.9,29,-6.5,6.4,SO,1.07,17.7,OSO,10.4,9.6,9.1,NA,1005.8,0,0,2,0.03,5,NA,NA,NA,0.052,0,17.6,67,11.4,17.4,12.48,1.1895,0,NA,232,1,100,10
2026-08-17T21:30:00Z,10.8,10.9,10.8,29,-6.5,6.4,SO,1.07,12.9,O,10.3,9.6,9.1,NA,1005.9,0,0,3,0.04,5,NA,NA,NA,0.052,0,17.6,67,11.4,17.3,12.48,1.19,0,NA,234,1,100,10
2026-08-17T21:40:00Z,10.8,10.8,10.8,29,-6.6,6.4,SO,1.07,16.1,NNE,10.3,9.5,9,NA,1005.9,0,0,0,0,0,NA,NA,NA,0.052,0,17.6,67,11.4,17.4,12.48,1.1897,0,NA,233,1,100,10
2026-08-17T21:50:00Z,10.7,10.8,10.7,29,-6.6,6.4,SO,1.07,16.1,OSO,10.2,9.4,8.9,NA,1006.2,0,0,0,0,0,NA,NA,NA,0.053,0,17.6,67,11.4,17.3,12.48,1.1903,0,NA,232,1,100,10
2026-08-17T22:00:00Z,10.7,10.7,10.7,29,-6.7,6.4,SSO,1.07,11.3,OSO,10.1,9.4,8.9,NA,1006.3,0,0,0,0,0,NA,NA,NA,0.053,0,17.6,67,11.4,17.4,12.48,1.1902,0.05,NA,235,1,100,10
2026-08-17T22:10:00Z,10.6,10.7,10.6,29,-6.8,6.4,SO,1.07,12.9,SSO,10,9.3,8.8,NA,1006.3,0,0,0,0,0,NA,NA,NA,0.054,0,17.6,67,11.4,17.3,12.48,1.1905,0,NA,234,1,100,10
2026-08-17T22:20:00Z,10.5,10.6,10.5,29,-6.8,8,SO,1.34,20.9,OSO,9.6,9.3,8.4,NA,1006.4,0.25,0,0,0,0,NA,NA,NA,0.054,0,17.6,67,11.4,17.3,12.48,1.1906,0,NA,234,1,100,10
2026-08-17T22:30:00Z,10.5,10.6,10.5,29,-6.8,6.4,SO,1.07,16.1,OSO,9.9,9.3,8.8,NA,1006.4,0,0,0,0,0,NA,NA,NA,0.054,0,17.6,67,11.4,17.3,12.48,1.1906,0,NA,233,1,100,10
2026-08-17T22:40:00Z,10.4,10.5,10.4,29,-6.9,8,SSO,1.34,17.7,O,9.4,9.2,8.3,NA,1006.5,0,0,0,0,0,NA,NA,NA,0.055,0,17.6,67,11.4,17.3,12.48,1.1907,0,NA,233,1,100,10
2026-08-17T22:50:00Z,10.3,10.4,10.3,29,-7,8,SO,1.34,17.7,O,9.4,9.2,8.2,NA,1006.4,0,0,0,0,0,NA,NA,NA,0.056,0,17.5,66,11.1,17.2,12.21,1.1911,0,NA,234,1,100,10
2026-08-17T23:00:00Z,10.3,10.3,10.3,29,-7,8,SO,1.34,17.7,SSE,9.4,9.2,8.2,NA,1006.7,0,0,0,0,0,NA,NA,NA,0.056,0,17.5,66,11.1,17.2,12.21,1.1914,0.08,NA,231,1,100,10
2026-08-17T23:10:00Z,10.3,10.3,10.3,29,-7,6.4,SO,1.07,16.1,OSO,9.8,9.2,8.6,NA,1007,0,0,0,0,0,NA,NA,NA,0.056,0,17.5,66,11.1,17.2,12.21,1.1918,0,NA,235,1,100,10
2026-08-17T23:20:00Z,10.3,10.3,10.3,29,-7,6.4,OSO,1.07,16.1,O,9.8,9.2,8.6,NA,1007.4,0,0,0,0,0,NA,NA,NA,0.056,0,17.5,66,11.1,17.2,12.21,1.1922,0,NA,233,1,100,10
2026-08-17T23:30:00Z,10.3,10.3,10.3,29,-7,6.4,SO,1.07,16.1,OSO,9.7,9.1,8.6,NA,1007.2,0,0,0,0,0,NA,NA,NA,0.056,0,17.4,66,11,17.2,12.21,1.1923,0,NA,233,1,100,10
2026-08-17T23:40:00Z,10.2,10.3,10.2,29,-7.1,6.4,SO,1.07,14.5,SE,9.6,9.1,8.5,NA,1007.7,0,0,0,0,0,NA,NA,NA,0.056,0,17.5,66,11.1,17.2,12.21,1.1926,0,NA,233,1,100,10
2026-08-17T23:50:00Z,10.3,10.3,10.2,29,-7,4.8,SSO,0.8,12.9,O,10.2,9.1,9,NA,1008,0,0,0,0,0,NA,NA,NA,0.056,0,17.4,66,11,17.2,12.21,1.1933,0,NA,234,1,100,10
2026-08-18T00:00:00Z,10.3,10.3,10.3,29,-7,4.8,SO,0.8,11.3,O,10.2,9.1,9,NA,1008,0,0,0,0,0,NA,NA,NA,0.056,0,17.4,66,11,17.2,12.21,1.1932,0.08,NA,234,1,100,10
2026-08-18T00:10:00Z,10.3,10.3,10.3,29,-7,4.8,SO,0.8,11.3,S,10.2,9.1,9,NA,1007.9,0,0,0,0,0,NA,NA,NA,0.056,0,17.4,66,11,17.2,12.21,1.1932,0,NA,235,1,100,10
2026-08-18T00:20:00Z,10.2,10.3,10.2,29,-7.1,4.8,SO,0.8,11.3,SE,10.1,9.1,8.9,NA,1008.6,0,0,0,0,0,NA,NA,NA,0.056,0,17.4,66,11,17.2,12.21,1.194,0,NA,232,1,100,10
2026-08-18T00:30:00Z,10.2,10.2,10.2,29,-7.1,6.4,SO,1.07,16.1,SO,9.6,9.1,8.5,NA,1007.7,0,0,0,0,0,NA,NA,NA,0.056,0,17.4,66,11,17.2,12.21,1.1929,0,NA,234,1,100,10
2026-08-18T00:40:00Z,10.2,10.2,10.2,29,-7.1,6.4,SSO,1.07,14.5,OSO,9.6,9.1,8.4,NA,1007.4,0,0,0,0,0,NA,NA,NA,0.057,0,17.4,66,11,17.1,12.22,1.1929,0,NA,234,1,100,10
2026-08-18T00:50:00Z,10.2,10.2,10.1,29,-7.1,6.4,SO,1.07,16.1,SSE,9.6,9.1,8.4,NA,1007.6,0,0,0,0,0,NA,NA,NA,0.057,0,17.4,66,11,17.1,12.22,1.1931,0,NA,234,1,100,10
2026-08-18T01:00:00Z,10.2,10.2,10.2,29,-7.1,4.8,SO,0.8,16.1,OSO,10,9.1,8.9,NA,1008,0,0,0,0,0,NA,NA,NA,0.057,0,17.4,66,11,17.1,12.22,1.1936,0.08,NA,233,1,100,10
2026-08-18T01:10:00Z,10.2,10.2,10.2,29,-7.1,6.4,SO,1.07,16.1,ENE,9.6,9.1,8.5,NA,1007.8,0,0,0,0,0,NA,NA,NA,0.056,0,17.3,66,10.9,17.1,12.22,1.1936,0,NA,233,1,100,10
2026-08-18T01:20:00Z,10.2,10.2,10.2,29,-7.1,6.4,SO,1.07,14.5,SO,9.6,9.1,8.4,NA,1007.9,0,0,0,0,0,NA,NA,NA,0.057,0,17.4,65,10.7,17.1,11.98,1.1937,0,NA,235,1,100,10
2026-08-18T01:30:00Z,10.2,10.2,10.2,29,-7.1,6.4,SO,1.07,12.9,OSO,9.6,9.1,8.5,NA,1007.9,0,0,0,0,0,NA,NA,NA,0.056,0,17.4,65,10.7,17.1,11.98,1.1937,0,NA,232,1,100,10
2026-08-18T01:40:00Z,10.2,10.2,10.2,29,-7.1,6.4,SO,1.07,14.5,OSO,9.6,9.1,8.5,NA,1008,0,0,0,0,0,NA,NA,NA,0.056,0,17.3,65,10.7,17,11.99,1.1941,0,NA,232,1,100,10
2026-08-18T01:50:00Z,10.3,10.3,10.2,29,-7,4.8,SO,0.8,14.5,NO,10.2,9.1,9,NA,1008.1,0,0,0,0,0,NA,NA,NA,0.056,0,17.3,65,10.7,17,11.99,1.1942,0,NA,232,1,100,10
2026-08-18T02:00:00Z,10.3,10.3,10.3,29,-7,6.4,SO,1.07,12.9,SO,9.7,9.1,8.6,NA,1008.1,0,0,0,0,0,NA,NA,NA,0.056,0,17.3,65,10.7,17,11.99,1.1942,0.08,NA,232,1,100,10
2026-08-18T02:10:00Z,10.3,10.3,10.2,29,-7,4.8,SO,0.8,12.9,OSO,10.2,9.1,9,NA,1007.9,0,0,0,0,0,NA,NA,NA,0.056,0,17.3,65,10.7,17,11.99,1.194,0,NA,233,1,100,10
2026-08-18T02:20:00Z,10.3,10.3,10.2,29,-7,6.4,SO,1.07,16.1,ONO,9.7,9.1,8.6,NA,1007.8,0,0,0,0,0,NA,NA,NA,0.056,0,17.3,65,10.7,17,11.99,1.1939,0,NA,232,1,100,10
2026-08-18T02:30:00Z,10.3,10.3,10.2,29,-7,6.4,SO,1.07,19.3,OSO,9.7,9.1,8.6,NA,1007.4,0.25,0,0,0,0,NA,NA,NA,0.056,0,17.3,65,10.6,16.9,11.99,1.1936,0,NA,234,1,100,10
2026-08-18T02:40:00Z,10.2,10.3,10.2,29,-7.1,6.4,SSO,1.07,12.9,O,9.6,9.1,8.5,NA,1007.1,0,0,0,0,0,NA,NA,NA,0.056,0,17.3,65,10.6,16.9,11.99,1.1933,0,NA,234,1,100,10
2026-08-18T02:50:00Z,10.3,10.3,10.2,29,-7,4.8,SO,0.8,12.9,OSO,10.2,9.1,9,NA,1007.6,0,0,0,0,0,NA,NA,NA,0.056,0,17.3,65,10.6,16.9,11.99,1.1938,0,NA,234,1,100,10
2026-08-18T03:00:00Z,10.3,10.3,10.3,29,-7,4.8,SO,0.8,11.3,SSO,10.2,9.1,9,NA,1008,0,0,0,0,0,NA,NA,NA,0.056,0,17.3,65,10.6,16.9,11.99,1.1944,0.08,NA,233,1,100,10
2026-08-18T03:10:00Z,10.3,10.3,10.3,29,-7,4.8,OSO,0.8,9.7,SSE,10.2,9.2,9.1,NA,1008.2,0,0,0,0,0,NA,NA,NA,0.056,0,17.3,65,10.6,16.9,11.99,1.1946,0,NA,231,1,100,10
2026-08-18T03:20:00Z,10.3,10.3,10.3,29,-7,4.8,SO,0.8,9.7,O,10.2,9.2,9.1,NA,1008.4,0,0,0,0,0,NA,NA,NA,0.056,0,17.2,65,10.6,16.9,11.99,1.1952,0,NA,234,1,100,10
2026-08-18T03:30:00Z,10.4,10.4,10.3,29,-6.9,4.8,SO,0.8,12.9,O,10.3,9.2,9.1,NA,1008.6,0,0,0,0,0,NA,NA,NA,0.055,0,17.3,65,10.7,17,11.99,1.1948,0,NA,232,1,100,10
2026-08-18T03:40:00Z,10.4,10.4,10.3,29,-6.9,4.8,SO,0.8,11.3,OSO,10.3,9.2,9.1,NA,1008.5,0,0,0,0,0,NA,NA,NA,0.055,0,17.3,65,10.6,16.9,11.99,1.195,0,NA,234,1,100,10
2026-08-18T03:50:00Z,10.4,10.4,10.4,29,-6.9,4.8,SO,0.8,12.9,OSO,10.3,9.2,9.1,NA,1008,0,0,0,0,0,NA,NA,NA,0.055,0,17.3,65,10.6,16.9,11.99,1.1944,0,NA,232,1,100,10
2026-08-18T04:00:00Z,10.4,10.4,10.4,29,-6.9,4.8,SO,0.8,14.5,SSO,10.3,9.2,9.1,NA,1008.3,0,0,0,0,0,NA,NA,NA,0.055,0,17.3,65,10.6,16.9,11.99,1.1948,0.05,NA,233,1,100,10
2026-08-18T04:10:00Z,10.4,10.4,10.4,29,-6.9,4.8,SO,0.8,16.1,O,10.3,9.2,9.1,NA,1008,0,0,0,0,0,NA,NA,NA,0.055,0,17.3,65,10.6,16.9,11.99,1.1944,0,NA,234,1,100,10
2026-08-18T04:20:00Z,10.4,10.4,10.3,29,-6.9,4.8,SO,0.8,12.9,ONO,10.3,9.2,9.1,NA,1007.9,0,0,0,0,0,NA,NA,NA,0.055,0,17.3,66,10.9,17,12.23,1.194,0,NA,233,1,100,10
2026-08-18T04:30:00Z,10.4,10.4,10.3,29,-6.9,4.8,SSO,0.8,11.3,OSO,10.3,9.2,9.1,NA,1007.8,0,0,0,0,0,NA,NA,NA,0.055,0,17.2,65,10.6,16.9,11.99,1.1944,0,NA,235,1,100,10
2026-08-18T04:40:00Z,10.3,10.4,10.3,29,-7,4.8,SO,0.8,11.3,N,10.2,9.2,9.1,NA,1008.1,0,0,0,0,0,NA,NA,NA,0.056,0,17.3,66,10.9,17,12.23,1.1942,0,NA,234,1,100,10
2026-08-18T04:50:00Z,10.3,10.3,10.3,29,-7,4.8,SO,0.8,11.3,OSO,10.2,9.2,9.1,NA,1008.1,0,0,0,0,0,NA,NA,NA,0.056,0,17.3,65,10.6,16.9,11.99,1.1944,0,NA,233,1,100,10
2026-08-18T05:00:00Z,10.3,10.3,10.3,29,-7,6.4,SO,1.07,12.9,O,9.8,9.2,8.6,NA,1008.2,0,0,0,0,0,NA,NA,NA,0.056,0,17.2,65,10.6,16.9,11.99,1.1949,0.05,NA,233,1,100,10
2026-08-18T05:10:00Z,10.3,10.3,10.3,29,-7,4.8,SO,0.8,14.5,OSO,10.2,9.2,9.1,NA,1008.3,0,0,0,0,0,NA,NA,NA,0.056,0,17.2,66,10.8,16.9,12.23,1.1948,0,NA,233,1,100,10
2026-08-18T05:20:00Z,10.3,10.3,10.3,29,-7,4.8,SO,0.8,11.3,OSO,10.2,9.2,9.1,NA,1008.5,0,0,0,0,0,NA,NA,NA,0.056,0,17.2,66,10.8,16.9,12.23,1.1951,0,NA,234,1,100,10
2026-08-18T05:30:00Z,10.3,10.3,10.3,29,-7,3.2,SO,0.54,11.3,OSO,10.3,9.2,9.2,NA,1009.1,0,0,0,0,0,NA,NA,NA,0.056,0,17.2,66,10.8,16.9,12.23,1.1957,0,NA,232,1,100,10
2026-08-18T05:40:00Z,10.3,10.3,10.3,29,-7,3.2,OSO,0.54,6.4,SO,10.3,9.2,9.2,NA,1009,0.25,0,0,0,0,NA,NA,NA,0.056,0,17.2,66,10.8,16.9,12.23,1.1956,0,NA,235,1,100,10
2026-08-18T05:50:00Z,10.3,10.3,10.3,29,-7,3.2,SO,0.54,6.4,SO,10.3,9.2,9.2,NA,1009,0.25,2,0,0,0,NA,NA,NA,0.056,0,17.2,66,10.8,16.9,12.23,1.1957,0,NA,234,1,100,10
2026-08-18T06:00:00Z,10.3,10.3,10.3,29,-7,3.2,SSO,0.54,6.4,SO,10.3,9.1,9.1,NA,1009.2,0.25,2,0,0,0,NA,NA,NA,0.056,0,17.2,66,10.8,16.9,12.23,1.1959,0.05,NA,233,1,100,10
2026-08-18T06:10:00Z,10.3,10.3,10.3,29,-7,3.2,SO,0.54,8,SO,10.3,9.1,9.1,NA,1009.1,0.25,1.8,0,0,0,NA,NA,NA,0.056,0,17.2,66,10.8,16.9,12.23,1.1957,0,NA,234,1,100,10
2026-08-18T06:20:00Z,10.2,10.3,10.2,29,-7.1,3.2,SO,0.54,6.4,SO,10.2,9.1,9.1,NA,1008.7,0.25,1.8,0,0,0,NA,NA,NA,0.056,0,17.2,66,10.8,16.9,12.23,1.1953,0,NA,234,1,100,10
2026-08-18T06:30:00Z,10.2,10.2,10.2,30,-6.7,4.8,SSO,0.8,9.7,SO,10,9.1,8.9,NA,1007.9,0.25,1.3,0,0,0,NA,NA,NA,0.057,0,17.2,66,10.8,16.9,12.23,1.1943,0,NA,234,1,100,10
2026-08-18T06:40:00Z,10.1,10.2,10.1,30,-6.7,4.8,SO,0.8,11.3,OSO,9.9,9.1,8.9,NA,1008.1,0,1.3,0,0,0,NA,NA,NA,0.057,0,17.2,66,10.8,16.9,12.23,1.1945,0,NA,234,1,100,10
2026-08-18T06:50:00Z,10.1,10.1,10.1,30,-6.8,4.8,SO,0.8,11.3,S,9.9,9,8.8,NA,1007.9,0,0,0,0,0,NA,NA,NA,0.057,0,17.2,66,10.8,16.9,12.23,1.1943,0,NA,234,1,100,10
2026-08-18T07:00:00Z,10.1,10.1,10.1,30,-6.8,4.8,SO,0.8,11.3,SO,9.9,9,8.8,NA,1007.9,0,0,0,0,0,NA,NA,NA,0.057,0,17.2,66,10.8,16.8,12.23,1.1946,0.05,NA,232,1,100,10
2026-08-18T07:10:00Z,9.9,10.1,9.9,30,-6.9,4.8,SO,0.8,11.3,SO,9.8,8.9,8.7,NA,1008.3,0,0,0,0,0,NA,NA,NA,0.058,0,17.2,65,10.5,16.8,11.99,1.1953,0,NA,233,1,100,10
2026-08-18T07:20:00Z,9.9,10,9.9,30,-6.9,4.8,SO,0.8,11.3,S,9.8,8.9,8.7,NA,1008.2,0,0,0,0,0,NA,NA,NA,0.058,0,17.2,65,10.5,16.8,11.99,1.1952,0,NA,234,1,100,10
2026-08-18T07:30:00Z,9.9,9.9,9.9,30,-6.9,4.8,SO,0.8,9.7,SO,9.7,8.8,8.7,NA,1008.3,0,0,0,0,0,NA,NA,NA,0.059,0,17.1,65,10.5,16.8,11.99,1.1956,0,NA,233,1,100,10
2026-08-18T07:40:00Z,9.9,9.9,9.8,30,-6.9,4.8,SO,0.8,11.3,O,9.7,8.8,8.7,NA,1008.2,0,0,0,0,0,NA,NA,NA,0.059,0,17.1,65,10.5,16.8,11.99,1.1955,0,NA,233,1,100,10
2026-08-18T07:50:00Z,9.8,9.9,9.8,30,-7,6.4,SO,1.07,14.5,E,9.1,8.7,8.1,NA,1008.2,0,0,0,0,0,NA,NA,NA,0.059,0,17.1,65,10.5,16.8,11.99,1.1955,0,NA,235,1,100,10
2026-08-18T08:00:00Z,9.6,9.8,9.6,30,-7.1,4.8,SO,0.8,14.5,SSE,9.4,8.6,8.3,NA,1008.4,0,0,0,0,0,NA,NA,NA,0.061,0,17.1,65,10.4,16.7,12,1.196,0.05,NA,233,1,100,10
2026-08-18T08:10:00Z,9.6,9.6,9.6,30,-7.2,4.8,SO,0.8,9.7,OSO,9.3,8.5,8.2,NA,1008.2,0,0,0,0,0,NA,NA,NA,0.061,0,17.1,65,10.4,16.7,12,1.1957,0,NA,233,1,100,10
2026-08-18T08:20:00Z,9.5,9.6,9.5,30,-7.2,3.2,SO,0.54,11.3,SSE,9.5,8.4,8.4,NA,1008.3,0.25,0,0,0,0,NA,NA,NA,0.061,0,17.1,65,10.4,16.7,12,1.1959,0,NA,233,1,100,10
2026-08-18T08:30:00Z,9.3,9.5,9.3,30,-7.4,4.8,SO,0.8,12.9,ESE,9.1,8.3,8,NA,1008.2,0.25,3.3,0,0,0,NA,NA,NA,0.063,0,17.1,65,10.4,16.7,12,1.1957,0,NA,234,1,100,10
2026-08-18T08:40:00Z,9.3,9.3,9.3,30,-7.4,4.8,SSO,0.8,14.5,OSO,9,8.2,7.9,NA,1008.3,0.51,2.3,0,0,0,NA,NA,NA,0.063,0,17.1,65,10.4,16.7,12,1.1958,0,NA,233,1,100,10
2026-08-18T08:50:00Z,9.2,9.3,9.2,30,-7.5,4.8,SSO,0.8,11.3,S,8.9,8.2,7.9,NA,1008.2,0.51,6.3,0,0,0,NA,NA,NA,0.063,0,17,65,10.4,16.7,12,1.1961,0,NA,234,1,100,10
2026-08-18T09:00:00Z,9.2,9.2,9.2,30,-7.5,6.4,SO,1.07,12.9,SO,8.5,8.2,7.4,NA,1008.1,1.02,7.1,0,0,0,NA,NA,NA,0.063,0,17,65,10.4,16.7,12,1.1959,0.05,NA,235,1,100,10
2026-08-18T09:10:00Z,9.2,9.2,9.2,30,-7.5,4.8,SO,0.8,12.9,O,8.9,8.1,7.8,NA,1008.3,0.25,3.3,0,0,0,NA,NA,NA,0.064,0,17,65,10.4,16.7,12,1.1962,0,NA,234,1,100,10
2026-08-18T09:20:00Z,9.1,9.2,9.1,30,-7.6,4.8,SSO,0.8,14.5,OSO,8.8,8.1,7.7,NA,1008.6,0,1.3,0,0,0,NA,NA,NA,0.064,0,17,65,10.4,16.7,12,1.1965,0,NA,234,1,100,10
2026-08-18T09:30:00Z,9.1,9.2,9.1,30,-7.6,4.8,SO,0.8,12.9,S,8.7,8,7.7,NA,1008.4,0.25,1.3,0,0,0,NA,NA,NA,0.064,0,17,65,10.4,16.7,12,1.1962,0,NA,232,1,100,10
2026-08-18T09:40:00Z,8.9,9.1,8.9,30,-7.7,4.8,SO,0.8,11.3,O,8.6,7.9,7.6,NA,1008.5,0,0,0,0,0,NA,NA,NA,0.065,0,16.9,64,10.1,16.6,11.8,1.1969,0,NA,232,1,100,10
2026-08-18T09:50:00Z,8.9,9,8.9,30,-7.8,4.8,SO,0.8,11.3,E,8.6,7.8,7.5,NA,1008.4,0.25,0,0,0,0,NA,NA,NA,0.066,0,16.8,63,9.7,16.3,11.65,1.1976,0,NA,231,1,100,10
2026-08-18T10:00:00Z,8.8,8.9,8.8,30,-7.8,6.4,OSO,1.07,11.3,OSO,8.1,7.8,7,NA,1008.6,0,0,0,0,0,NA,NA,NA,0.066,0,16.9,65,10.3,16.6,12,1.1967,0.05,NA,235,1,100,10
2026-08-18T10:10:00Z,8.8,8.8,8.8,30,-7.8,4.8,SO,0.8,12.9,SSO,8.5,7.8,7.4,NA,1008.8,0,0,0,0,0,NA,NA,NA,0.066,0,17.5,66,11.1,17.2,12.21,1.194,0,NA,233,1,100,10
2026-08-18T10:20:00Z,8.8,8.8,8.8,30,-7.9,4.8,SO,0.8,12.9,OSO,8.4,7.7,7.4,NA,1009.5,0,0,0,0,0,NA,NA,NA,0.066,0,18,67,11.8,17.8,12.46,1.192,0,NA,233,1,100,10
2026-08-18T10:30:00Z,8.8,8.8,8.8,30,-7.9,4.8,SO,0.8,11.3,OSO,8.4,7.7,7.4,NA,1009.5,0,0,0,0,0,NA,NA,NA,0.066,0,18.5,67,12.3,18.4,12.44,1.1894,0,NA,232,1,100,10
2026-08-18T10:40:00Z,8.7,8.8,8.7,30,-7.9,4.8,SO,0.8,9.7,OSO,8.4,7.7,7.3,NA,1009.4,0,0,0,0,0,NA,NA,NA,0.067,0,18.8,67,12.6,18.8,12.43,1.1876,0,NA,233,1,100,10
2026-08-18T10:50:00Z,8.7,8.7,8.7,30,-7.9,4.8,SO,0.8,11.3,O,8.4,7.7,7.3,NA,1009.7,0,0,0,0,0,NA,NA,NA,0.067,0,19.1,67,12.8,19.1,12.42,1.1865,0,NA,234,1,100,10
2026-08-18T11:00:00Z,8.7,8.7,8.7,30,-7.9,4.8,SO,0.8,16.1,O,8.4,7.7,7.3,NA,1009.8,0,0,0,0,0,NA,NA,NA,0.067,0,19.3,67,13,19.3,12.42,1.1858,0.05,NA,233,1,100,10
2026-08-18T11:10:00Z,8.8,8.8,8.7,30,-7.9,6.4,SO,1.07,16.1,O,8,7.7,6.9,NA,1010.2,0,0,7,0.1,9,NA,NA,NA,0.066,0,19.4,66,12.9,19.5,12.15,1.1857,0,NA,233,1,100,10
2026-08-18T11:20:00Z,8.8,8.8,8.8,30,-7.8,3.2,SO,0.54,11.3,OSO,8.8,7.8,7.8,NA,1010.4,0,0,8,0.11,9,NA,NA,NA,0.066,0,19.6,66,13.1,19.7,12.15,1.185,0,NA,234,1,100,10
2026-08-18T11:30:00Z,8.9,8.9,8.8,30,-7.8,3.2,SSO,0.54,8,SSO,8.9,7.8,7.8,NA,1010.7,0,0,8,0.11,11,NA,NA,NA,0.066,0,19.8,66,13.2,19.9,12.15,1.1845,0,NA,233,1,100,10
2026-08-18T11:40:00Z,8.9,8.9,8.9,30,-7.8,4.8,SO,0.8,14.5,OSO,8.6,7.8,7.5,NA,1010.7,0.25,0,10,0.14,12,NA,NA,NA,0.066,0,20.2,66,13.7,20.3,12.15,1.1823,0,NA,233,1,100,10
2026-08-18T11:50:00Z,8.9,8.9,8.9,30,-7.7,6.4,SSO,1.07,11.3,OSO,8.2,7.9,7.1,NA,1010.9,0,0,14,0.2,16,NA,NA,NA,0.065,0,20.6,65,13.7,20.5,11.87,1.181,0,NA,234,1,100,10
2026-08-18T12:00:00Z,8.9,9,8.9,30,-7.7,4.8,SSO,0.8,9.7,O,8.6,7.9,7.6,NA,1011.1,0,0,20,0.29,23,NA,NA,NA,0.065,0,20.8,65,14,20.7,11.86,1.1798,0.05,NA,233,1,100,10
2026-08-18T12:10:00Z,9,9,8.9,30,-7.7,3.2,SO,0.54,9.7,S,9,7.9,7.9,NA,1011.2,0.25,0,20,0.29,21,NA,NA,NA,0.065,0,21.1,65,14.2,20.9,11.85,1.1788,0,NA,234,1,100,10
2026-08-18T12:20:00Z,8.9,9,8.9,30,-7.8,3.2,SSO,0.54,9.7,SSE,8.9,7.8,7.8,NA,1011.5,0,0,19,0.27,21,NA,NA,NA,0.066,0,21.2,65,14.4,21.1,11.85,1.1783,0,NA,235,1,100,10
2026-08-18T12:30:00Z,8.9,8.9,8.9,30,-7.8,3.2,SO,0.54,9.7,O,8.9,7.8,7.8,NA,1011.5,0,0,19,0.27,21,NA,NA,NA,0.066,0,21.4,64,14.3,21.3,11.65,1.1774,0,NA,233,1,100,10
2026-08-18T12:40:00Z,8.9,8.9,8.9,30,-7.7,3.2,S,0.54,8,SSE,8.9,7.9,7.9,NA,1011.9,0,0,17,0.24,18,NA,NA,NA,0.065,0,21.7,64,14.6,21.6,11.65,1.1767,0,NA,234,1,100,10
2026-08-18T12:50:00Z,8.9,9,8.9,30,-7.7,3.2,SO,0.54,8,SSE,8.9,7.9,7.9,NA,1012,0.25,0,24,0.34,30,NA,NA,NA,0.065,0,21.8,64,14.7,21.7,11.65,1.1763,0,NA,232,1,100,10
2026-08-18T13:00:00Z,8.9,8.9,8.9,30,-7.7,3.2,SSO,0.54,8,SSE,8.9,7.9,7.9,NA,1012.5,0.25,1,30,0.43,33,NA,NA,NA,0.065,0,21.8,63,14.5,21.8,11.52,1.1769,0.05,NA,233,1,100,10
2026-08-18T13:10:00Z,8.9,8.9,8.9,30,-7.8,3.2,SSE,0.54,9.7,O,8.9,7.8,7.8,NA,1012.4,0.25,1.5,35,0.5,47,NA,NA,NA,0.066,0,21.9,63,14.5,21.8,11.52,1.1765,0,NA,234,1,100,10
2026-08-18T13:20:00Z,8.9,8.9,8.8,30,-7.8,3.2,S,0.54,8,N,8.9,7.8,7.8,NA,1012.3,0,1.3,60,0.86,63,NA,NA,NA,0.066,0,21.9,63,14.6,21.9,11.52,1.1761,0,NA,234,1,100,10
2026-08-18T13:30:00Z,8.9,8.9,8.9,30,-7.8,4.8,SSO,0.8,12.9,SE,8.6,7.8,7.5,NA,1012.1,0.25,1.3,70,1,79,NA,NA,NA,0.066,0,22,63,14.6,22,11.52,1.1756,0,NA,235,1,100,10
2026-08-18T13:40:00Z,8.9,8.9,8.8,30,-7.7,3.2,S,0.54,9.7,E,8.9,7.9,7.9,NA,1012.2,0,1,49,0.7,60,NA,NA,NA,0.065,0,22.1,63,14.7,22.1,11.52,1.1754,0,NA,234,1,100,10
2026-08-18T13:50:00Z,8.6,8.9,8.6,30,-8.1,4.8,SSO,0.8,12.9,SSE,8.2,7.6,7.2,NA,1012.7,0,0,58,0.83,65,NA,NA,NA,0.068,0,22.1,62,14.5,22.1,11.31,1.1761,0,NA,234,1,100,10
2026-08-18T14:00:00Z,8.5,8.6,8.5,30,-8.1,3.2,S,0.54,9.7,E,8.5,7.5,7.5,NA,1012.8,0,0,43,0.62,53,NA,NA,NA,0.068,0,22.3,62,14.6,22.3,11.31,1.1753,0.05,NA,233,1,100,10
2026-08-18T14:10:00Z,8.6,8.6,8.5,30,-8.1,3.2,SE,0.54,9.7,ESE,8.6,7.6,7.6,NA,1013.3,0,0,33,0.47,39,NA,NA,NA,0.068,0,22.4,62,14.7,22.5,11.3,1.1753,0,NA,233,1,100,10
2026-08-18T14:20:00Z,8.4,8.6,8.4,30,-8.2,3.2,SSE,0.54,14.5,SE,8.4,7.4,7.4,NA,1013.5,0,0,32,0.46,35,NA,NA,NA,0.069,0,22.5,62,14.9,22.7,11.3,1.175,0,NA,234,1,100,10
2026-08-18T14:30:00Z,8.4,8.4,8.4,30,-8.2,3.2,SSE,0.54,9.7,E,8.4,7.4,7.4,NA,1013.7,0,0,37,0.53,42,NA,NA,NA,0.069,0,22.6,62,14.9,22.7,11.3,1.1748,0,NA,234,1,100,10
2026-08-18T14:40:00Z,8.3,8.4,8.3,30,-8.3,3.2,S,0.54,9.7,O,8.3,7.3,7.3,NA,1013.8,0.25,0,46,0.66,58,NA,NA,NA,0.069,0,22.7,62,15,22.9,11.29,1.1744,0,NA,232,1,100,10
2026-08-18T14:50:00Z,8.2,8.3,8.2,30,-8.4,3.2,SSE,0.54,11.3,ESE,8.2,7.2,7.2,NA,1013.6,0,0,47,0.67,58,NA,NA,NA,0.07,0,22.7,61,14.8,22.9,11.13,1.1743,0,NA,234,1,100,10
2026-08-18T15:00:00Z,8.1,8.2,8.1,30,-8.5,4.8,SSE,0.8,9.7,S,7.7,7.1,6.7,NA,1013.6,0.25,0,48,0.69,53,NA,NA,NA,0.071,0,22.8,61,14.9,23.1,11.13,1.1737,0.05,NA,234,1,100,10
2026-08-18T15:10:00Z,8.1,8.1,8.1,30,-8.5,4.8,S,0.8,14.5,SE,7.7,7.1,6.7,NA,1013.5,0.25,1.5,45,0.65,56,NA,NA,NA,0.071,0,22.9,61,15,23.2,11.12,1.1733,0,NA,231,1,100,10
2026-08-18T15:20:00Z,8,8.1,8,31,-8.1,4.8,SSO,0.8,12.9,E,7.6,7,6.6,NA,1013.7,0,1.3,39,0.56,47,NA,NA,NA,0.072,0,22.9,61,15,23.2,11.12,1.1734,0,NA,233,1,100,10
2026-08-18T15:30:00Z,8.1,8.1,8,31,-8.1,4.8,SSO,0.8,8,SO,7.7,7.1,6.7,NA,1013.2,0,0,46,0.66,49,NA,NA,NA,0.071,0,22.8,60,14.7,23.1,10.99,1.1735,0,NA,234,1,100,10
2026-08-18T15:40:00Z,8,8.1,8,31,-8.1,4.8,SSO,0.8,11.3,SSO,7.6,7,6.6,NA,1013.4,0.51,2.3,41,0.59,47,NA,NA,NA,0.072,0,22.8,60,14.7,23.1,10.99,1.1738,0,NA,234,1,100,10
2026-08-18T15:50:00Z,8,8.1,7.9,31,-8.1,4.8,SSO,0.8,12.9,SSE,7.6,7,6.6,NA,1013.1,0.76,5.8,52,0.75,58,NA,NA,NA,0.072,0,22.6,58,13.9,22.7,10.64,1.1752,0,NA,233,1,100,10
2026-08-18T16:00:00Z,8.1,8.1,8,31,-8,3.2,SSO,0.54,9.7,SSO,8.1,7.1,7.1,NA,1013,1.02,8.1,53,0.76,58,NA,NA,NA,0.071,0,22.7,59,14.3,22.9,10.83,1.1742,0.05,NA,234,1,100,10
2026-08-18T16:10:00Z,8.2,8.2,8.1,31,-8,3.2,SSO,0.54,8,SSE,8.2,7.2,7.2,NA,1012.7,1.27,9.1,51,0.73,56,NA,NA,NA,0.071,0,22.7,59,14.2,22.8,10.84,1.1742,0,NA,234,1,100,10
2026-08-18T16:20:00Z,8,8.2,8,31,-8.1,4.8,SO,0.8,14.5,SO,7.6,7,6.6,NA,1012.2,0.51,5.6,58,0.83,63,NA,NA,NA,0.072,0,22.6,60,14.4,22.7,11,1.1737,0,NA,234,1,100,10
2026-08-18T16:30:00Z,7.9,8,7.9,31,-8.2,6.4,SSO,1.07,12.9,E,7,6.9,6,NA,1011.8,0.25,3.3,55,0.79,60,NA,NA,NA,0.072,0,22.4,61,14.5,22.6,11.15,1.1735,0,NA,234,1,100,10
2026-08-18T16:40:00Z,8.1,8.1,7.9,31,-8.1,4.8,SO,0.8,16.1,SO,7.7,7.1,6.7,NA,1011.8,0.25,1.5,50,0.72,54,NA,NA,NA,0.071,0,22.4,61,14.5,22.4,11.16,1.1739,0,NA,233,1,100,10
2026-08-18T16:50:00Z,8,8.1,8,31,-8.1,4.8,SSO,0.8,9.7,SSO,7.6,7,6.6,NA,1011.8,0,0,61,0.87,67,NA,NA,NA,0.072,0,22.4,61,14.5,22.4,11.16,1.1738,0,NA,235,1,100,10
2026-08-18T17:00:00Z,8,8.1,8,31,-8.1,3.2,SSO,0.54,9.7,SSO,8,7,7,NA,1011.7,0.25,0,67,0.96,76,NA,NA,NA,0.072,0,22.3,61,14.4,22.4,11.16,1.174,0.08,NA,232,1,100,10
2026-08-18T17:10:00Z,8,8,8,31,-8.1,4.8,SO,0.8,12.9,E,7.6,7,6.6,NA,1011.7,0.51,2,61,0.87,65,NA,NA,NA,0.072,0,22.1,60,13.9,21.9,11.02,1.1757,0,NA,233,1,100,10
2026-08-18T17:20:00Z,8,8.1,8,31,-8.1,3.2,SO,0.54,8,SSO,8,7,7,NA,1011.6,0.25,2,57,0.82,65,NA,NA,NA,0.072,0,21.5,60,13.4,21.2,11.04,1.1785,0,NA,233,1,100,10
2026-08-18T17:30:00Z,8.1,8.1,8,31,-8.1,3.2,SO,0.54,9.7,OSO,8.1,7.1,7.1,NA,1011,0,1.3,67,0.96,86,NA,NA,NA,0.071,0,21,60,12.9,20.6,11.05,1.1803,0,NA,233,1,100,10
2026-08-18T17:40:00Z,8.1,8.1,8.1,31,-8,4.8,SO,0.8,12.9,SO,7.7,7.1,6.7,NA,1011.3,0.51,3.6,72,1.03,86,NA,NA,NA,0.071,0,20.6,60,12.6,20.3,11.05,1.1827,0,NA,234,1,100,10
2026-08-18T17:50:00Z,8.2,8.2,8.1,31,-7.9,3.2,SO,0.54,11.3,O,8.2,7.2,7.2,NA,1011.9,0.25,2.8,64,0.92,70,NA,NA,NA,0.07,0,20.3,60,12.3,20.1,11.05,1.1847,0,NA,234,1,100,10
2026-08-18T18:00:00Z,8.3,8.3,8.3,31,-7.8,1.6,SO,0.27,6.4,SO,8.3,7.3,7.3,NA,1011.6,0.25,1.5,65,0.93,70,NA,NA,NA,0.069,0,20.2,61,12.4,20,11.25,1.185,0.08,NA,233,1,100,10
2026-08-18T18:10:00Z,8.5,8.6,8.3,31,-7.7,1.6,SO,0.27,6.4,SSE,8.5,7.5,7.5,NA,1011.3,0.25,2,87,1.25,102,NA,NA,NA,0.068,0,19.9,60,11.9,19.8,11.05,1.1861,0,NA,234,1,100,10
2026-08-18T18:20:00Z,8.6,8.6,8.5,30,-8,3.2,SSO,0.54,8,SSE,8.6,7.6,7.6,NA,1011.1,0.51,2.8,85,1.22,98,NA,NA,NA,0.068,0,19.8,61,12.1,19.7,11.25,1.1861,0,NA,232,1,100,10
2026-08-18T18:30:00Z,8.6,8.6,8.6,31,-7.6,3.2,SO,0.54,8,SO,8.6,7.6,7.6,NA,1010.7,0.25,2.8,93,1.33,104,NA,NA,NA,0.068,0,19.7,61,11.9,19.5,11.25,1.1865,0,NA,234,1,100,10
2026-08-18T18:40:00Z,8.7,8.7,8.6,30,-8,3.2,SO,0.54,12.9,OSO,8.7,7.6,7.6,NA,1011.2,0,1,81,1.16,100,NA,NA,NA,0.067,0,19.6,61,11.8,19.3,11.25,1.1877,0,NA,233,1,100,10
2026-08-18T18:50:00Z,8.6,8.7,8.6,31,-7.6,1.6,SSE,0.27,4.8,NNE,8.6,7.6,7.6,NA,1011.4,0,0,47,0.67,56,NA,NA,NA,0.068,0,19.4,61,11.7,19.2,11.25,1.1884,0,NA,233,1,100,10
2026-08-18T19:00:00Z,8.6,8.7,8.6,31,-7.6,3.2,OSO,0.54,12.9,ESE,8.6,7.6,7.6,NA,1011.2,0,0,56,0.8,72,NA,NA,NA,0.068,0,19.4,61,11.7,19.2,11.25,1.1885,0.08,NA,235,1,100,10
2026-08-18T19:10:00Z,8.6,8.6,8.5,31,-7.6,3.2,SO,0.54,9.7,SO,8.6,7.6,7.6,NA,1011.4,0,0,72,1.03,83,NA,NA,NA,0.068,0,19.3,61,11.6,19.1,11.25,1.189,0,NA,233,1,100,10
2026-08-18T19:20:00Z,8.7,8.7,8.6,31,-7.5,3.2,SSO,0.54,9.7,O,8.7,7.7,7.7,NA,1011.1,0,0,120,1.72,193,NA,NA,NA,0.067,0,19.2,61,11.5,18.9,11.25,1.1892,0,NA,232,1,100,10
2026-08-18T19:30:00Z,8.9,8.9,8.7,31,-7.4,4.8,SO,0.8,11.3,O,8.6,7.8,7.5,NA,1011.2,0,0,172,2.47,257,NA,NA,NA,0.066,0,19.2,61,11.5,18.9,11.25,1.1896,0,NA,233,1,100,10
2026-08-18T19:40:00Z,9,9,8.8,31,-7.3,3.2,SSO,0.54,8,SSO,9,7.9,7.9,NA,1011.5,0,0,127,1.82,176,NA,NA,NA,0.065,0,19.1,61,11.4,18.8,11.25,1.1902,0,NA,233,1,100,10
2026-08-18T19:50:00Z,8.9,9,8.9,31,-7.4,3.2,SO,0.54,14.5,SO,8.9,7.8,7.8,NA,1011.6,0,0,65,0.93,81,NA,NA,NA,0.066,0,19.1,61,11.4,18.8,11.25,1.1907,0,NA,234,1,100,10
2026-08-18T20:00:00Z,8.9,8.9,8.9,31,-7.3,3.2,SSO,0.54,9.7,SO,8.9,7.9,7.9,NA,1011.8,0,0,66,0.95,97,NA,NA,NA,0.065,0,18.9,61,11.3,18.6,11.25,1.1914,0.08,NA,233,1,100,10
2026-08-18T20:10:00Z,8.8,8.9,8.8,31,-7.4,3.2,SSO,0.54,11.3,OSO,8.8,7.8,7.8,NA,1012,0,0,43,0.62,53,NA,NA,NA,0.066,0,18.9,61,11.3,18.6,11.25,1.1917,0,NA,235,1,100,10
2026-08-18T20:20:00Z,8.7,8.8,8.7,31,-7.5,3.2,SSO,0.54,9.7,ESE,8.7,7.7,7.7,NA,1012.1,0,0,36,0.52,44,NA,NA,NA,0.067,0,18.9,61,11.3,18.6,11.25,1.1918,0,NA,234,1,100,10
2026-08-18T20:30:00Z,8.7,8.8,8.7,31,-7.5,1.6,SSO,0.27,8,ESE,8.7,7.7,7.7,NA,1012.5,0,0,27,0.39,32,NA,NA,NA,0.067,0,18.9,61,11.2,18.6,11.25,1.1926,0,NA,233,1,100,10
2026-08-18T20:40:00Z,8.7,8.7,8.7,31,-7.5,1.6,SO,0.27,6.4,E,8.7,7.7,7.7,NA,1012.5,0,0,24,0.34,26,NA,NA,NA,0.067,0,18.8,61,11.1,18.5,11.25,1.1928,0,NA,233,1,100,10
2026-08-18T20:50:00Z,8.7,8.7,8.7,31,-7.5,1.6,ESE,0.27,6.4,ENE,8.7,7.7,7.7,NA,1012.4,0,0,19,0.27,23,NA,NA,NA,0.067,0,18.8,61,11.1,18.5,11.25,1.1928,0,NA,233,1,100,10
2026-08-18T21:00:00Z,8.7,8.7,8.7,31,-7.5,1.6,SE,0.27,6.4,SSO,8.7,7.7,7.7,NA,1012.7,0,0,13,0.19,16,NA,NA,NA,0.067,0,18.8,61,11.1,18.4,11.25,1.1933,0.05,NA,234,1,100,10
2026-08-18T21:10:00Z,8.6,8.7,8.6,31,-7.6,1.6,S,0.27,8,E,8.6,7.6,7.6,NA,1012.7,0,0,9,0.13,11,NA,NA,NA,0.068,0,18.7,61,11,18.4,11.25,1.1936,0,NA,234,1,100,10
2026-08-18T21:20:00Z,8.6,8.7,8.6,31,-7.6,1.6,S,0.27,8,NNE,8.6,7.6,7.6,NA,1012.7,0,0,4,0.06,7,NA,NA,NA,0.068,0,18.7,61,11,18.4,11.25,1.1937,0,NA,234,1,100,10
2026-08-18T21:30:00Z,8.6,8.6,8.6,31,-7.6,1.6,S,0.27,4.8,SSO,8.6,7.6,7.6,NA,1012.6,0,0,0,0,0,NA,NA,NA,0.068,0,18.7,61,11,18.3,11.25,1.1938,0,NA,234,1,100,10
2026-08-18T21:40:00Z,8.6,8.7,8.6,31,-7.6,1.6,SSE,0.27,4.8,SSO,8.6,7.6,7.6,NA,1012.7,0,0,0,0,0,NA,NA,NA,0.068,0,18.7,61,11,18.3,11.25,1.1939,0,NA,233,1,100,10
2026-08-18T21:50:00Z,8.6,8.6,8.6,31,-7.6,1.6,SSO,0.27,6.4,SE,8.6,7.6,7.6,NA,1012.8,0,0,0,0,0,NA,NA,NA,0.068,0,18.7,61,11,18.3,11.25,1.1941,0,NA,234,1,100,10
2026-08-18T22:00:00Z,8.6,8.6,8.6,31,-7.6,1.6,SSE,0.27,6.4,SSE,8.6,7.6,7.6,NA,1012.7,0,0,0,0,0,NA,NA,NA,0.068,0,18.6,61,10.9,18.2,11.25,1.1943,0.03,NA,234,1,100,10
2026-08-18T22:10:00Z,8.6,8.6,8.6,31,-7.6,1.6,SSO,0.27,6.4,SSO,8.6,7.6,7.6,NA,1012.8,0,0,0,0,0,NA,NA,NA,0.068,0,18.6,61,10.9,18.2,11.25,1.1943,0,NA,234,1,100,10
2026-08-18T22:20:00Z,8.6,8.6,8.6,31,-7.6,3.2,S,0.54,8,E,8.6,7.6,7.6,NA,1012.8,0,0,0,0,0,NA,NA,NA,0.068,0,18.6,61,10.9,18.2,11.25,1.1946,0,NA,235,1,100,10
2026-08-18T22:30:00Z,8.6,8.6,8.6,31,-7.6,1.6,SE,0.27,6.4,S,8.6,7.6,7.6,NA,1013,0,0,0,0,0,NA,NA,NA,0.068,0,18.5,61,10.8,18.1,11.25,1.1951,0,NA,234,1,100,10
2026-08-18T22:40:00Z,8.5,8.6,8.5,31,-7.7,3.2,SSO,0.54,6.4,SO,8.5,7.5,7.5,NA,1012.9,0,0,0,0,0,NA,NA,NA,0.068,0,18.4,61,10.8,18.1,11.25,1.1953,0,NA,234,1,100,10
2026-08-18T22:50:00Z,8.4,8.5,8.4,31,-7.7,3.2,SO,0.54,8,SSO,8.4,7.4,7.4,NA,1012.8,0,0,0,0,0,NA,NA,NA,0.069,0,18.4,61,10.8,18.1,11.25,1.1951,0,NA,233,1,100,10
2026-08-18T23:00:00Z,8.5,8.5,8.4,31,-7.7,3.2,SSO,0.54,8,SSO,8.5,7.5,7.5,NA,1012.8,0,0,0,0,0,NA,NA,NA,0.068,0,18.4,61,10.7,18,11.25,1.1955,0.05,NA,233,1,100,10
2026-08-18T23:10:00Z,8.5,8.5,8.4,31,-7.7,3.2,SO,0.54,8,SSE,8.5,7.5,7.5,NA,1012.6,0,0,0,0,0,NA,NA,NA,0.068,0,18.4,61,10.7,18,11.25,1.1952,0,NA,233,1,100,10
2026-08-18T23:20:00Z,8.5,8.5,8.5,31,-7.7,3.2,SO,0.54,8,S,8.5,7.5,7.5,NA,1012.7,0,0,0,0,0,NA,NA,NA,0.068,0,18.3,61,10.7,17.9,11.25,1.1956,0,NA,232,1,100,10
2026-08-18T23:30:00Z,8.6,8.6,8.5,31,-7.6,3.2,SSO,0.54,6.4,SSO,8.6,7.6,7.6,NA,1012.9,0,0,0,0,0,NA,NA,NA,0.068,0,18.3,61,10.7,17.9,11.25,1.1958,0,NA,235,1,100,10
2026-08-18T23:40:00Z,8.6,8.6,8.6,31,-7.6,3.2,SO,0.54,12.9,SSE,8.6,7.6,7.6,NA,1012.9,0,0,0,0,0,NA,NA,NA,0.068,0,18.3,61,10.7,17.9,11.25,1.1959,0,NA,233,1,100,10
2026-08-18T23:50:00Z,8.6,8.6,8.6,31,-7.6,3.2,SO,0.54,9.7,O,8.6,7.6,7.6,NA,1013,0,0,0,0,0,NA,NA,NA,0.068,0,18.3,61,10.6,17.9,11.25,1.1963,0,NA,232,1,100,10
2026-08-19T00:00:00Z,8.6,8.6,8.6,31,-7.6,3.2,SSO,0.54,6.4,OSO,8.6,7.6,7.6,NA,1012.8,0,0,0,0,0,NA,NA,NA,0.068,0,18.3,61,10.6,17.9,11.25,1.196,0.05,NA,234,1,100,10
2026-08-19T00:10:00Z,8.6,8.7,8.6,31,-7.6,3.2,SO,0.54,8,SSE,8.6,7.6,7.6,NA,1013.1,0,0,0,0,0,NA,NA,NA,0.068,0,18.2,61,10.6,17.8,11.25,1.1966,0,NA,232,1,100,10
2026-08-19T00:20:00Z,8.6,8.7,8.6,31,-7.6,3.2,SSO,0.54,9.7,O,8.6,7.6,7.6,NA,1012.9,0,0,0,0,0,NA,NA,NA,0.068,0,18.2,61,10.6,17.8,11.25,1.1964,0,NA,232,1,100,10
2026-08-19T00:30:00Z,8.7,8.7,8.6,31,-7.5,3.2,SO,0.54,8,SO,8.7,7.7,7.7,NA,1013,0,0,0,0,0,NA,NA,NA,0.067,0,18.2,61,10.5,17.8,11.25,1.1968,0,NA,234,1,100,10
2026-08-19T00:40:00Z,8.7,8.7,8.7,31,-7.5,3.2,SSO,0.54,6.4,SO,8.7,7.7,7.7,NA,1012.7,0,0,0,0,0,NA,NA,NA,0.067,0,18.2,61,10.5,17.8,11.25,1.1965,0,NA,235,1,100,10
2026-08-19T00:50:00Z,8.7,8.7,8.6,31,-7.5,4.8,SO,0.8,9.7,O,8.3,7.7,7.3,NA,1012.9,0,0,0,0,0,NA,NA,NA,0.067,0,18.1,60,10.2,17.6,11.06,1.1976,0,NA,233,1,100,10
2026-08-19T01:00:00Z,8.7,8.7,8.6,31,-7.5,3.2,SO,0.54,8,OSO,8.7,7.7,7.7,NA,1013.2,0,0,0,0,0,NA,NA,NA,0.067,0,18.1,60,10.2,17.6,11.06,1.1979,0.05,NA,234,1,100,10
2026-08-19T01:10:00Z,8.6,8.7,8.6,31,-7.6,3.2,SSO,0.54,6.4,SO,8.6,7.6,7.6,NA,1013.4,0,0,0,0,0,NA,NA,NA,0.068,0,18,60,10.1,17.5,11.06,1.1984,0,NA,234,1,100,10
2026-08-19T01:20:00Z,8.6,8.7,8.6,31,-7.6,3.2,SSO,0.54,6.4,SSO,8.6,7.6,7.6,NA,1013.5,0,0,0,0,0,NA,NA,NA,0.068,0,18.1,61,10.4,17.6,11.25,1.198,0,NA,232,1,100,10
2026-08-19T01:30:00Z,8.7,8.7,8.6,31,-7.5,1.6,SSO,0.27,8,SO,8.7,7.7,7.7,NA,1013.5,0,0,0,0,0,NA,NA,NA,0.067,0,18,61,10.4,17.6,11.25,1.1983,0,NA,233,1,100,10
2026-08-19T01:40:00Z,8.7,8.7,8.7,31,-7.5,1.6,SSO,0.27,6.4,SSO,8.7,7.7,7.7,NA,1013.6,0,0,0,0,0,NA,NA,NA,0.067,0,18,60,10.1,17.5,11.06,1.1986,0,NA,234,1,100,10
2026-08-19T01:50:00Z,8.7,8.7,8.7,31,-7.5,3.2,S,0.54,8,SSO,8.7,7.7,7.7,NA,1013.5,0,0,0,0,0,NA,NA,NA,0.067,0,18,60,10.1,17.5,11.06,1.1986,0,NA,234,1,100,10
2026-08-19T02:00:00Z,8.7,8.7,8.7,31,-7.5,3.2,SO,0.54,9.7,SO,8.7,7.7,7.7,NA,1013.4,0,0,0,0,0,NA,NA,NA,0.067,0,17.9,60,10.1,17.4,11.06,1.1987,0.05,NA,232,1,100,10
2026-08-19T02:10:00Z,8.8,8.8,8.7,31,-7.5,3.2,SO,0.54,11.3,SSO,8.8,7.8,7.8,NA,1013.4,0,0,0,0,0,NA,NA,NA,0.066,0,17.9,60,10.1,17.4,11.06,1.1987,0,NA,233,1,100,10
2026-08-19T02:20:00Z,8.8,8.8,8.8,31,-7.4,3.2,OSO,0.54,9.7,S,8.8,7.8,7.8,NA,1013.6,0,0,0,0,0,NA,NA,NA,0.066,0,17.9,60,10,17.4,11.07,1.1992,0,NA,233,1,100,10
2026-08-19T02:30:00Z,8.9,8.9,8.8,31,-7.4,3.2,SSO,0.54,8,NE,8.9,7.8,7.8,NA,1013.7,0,0,0,0,0,NA,NA,NA,0.066,0,17.8,60,10,17.3,11.07,1.1995,0,NA,234,1,100,10
2026-08-19T02:40:00Z,8.9,8.9,8.9,31,-7.3,3.2,SO,0.54,8,SSE,8.9,7.9,7.9,NA,1013.5,0,0,0,0,0,NA,NA,NA,0.065,0,17.8,60,10,17.3,11.07,1.1994,0,NA,234,1,100,10
2026-08-19T02:50:00Z,9,9,8.9,31,-7.3,3.2,SO,0.54,9.7,O,9,7.9,7.9,NA,1013.5,0,0,0,0,0,NA,NA,NA,0.065,0,17.8,60,9.9,17.3,11.07,1.1996,0,NA,231,1,100,10
2026-08-19T03:00:00Z,9.1,9.1,9,30,-7.6,3.2,SSO,0.54,9.7,SO,9.1,8,8,NA,1013.3,0,0,0,0,0,NA,NA,NA,0.064,0,17.8,60,9.9,17.3,11.07,1.1994,0.05,NA,233,1,100,10
2026-08-19T03:10:00Z,9.2,9.2,9.1,30,-7.5,3.2,SO,0.54,8,OSO,9.2,8.1,8.1,NA,1013.1,0,0,0,0,0,NA,NA,NA,0.064,0,17.8,60,9.9,17.3,11.07,1.1992,0,NA,233,1,100,10
2026-08-19T03:20:00Z,9.2,9.2,9.2,30,-7.5,3.2,SSO,0.54,9.7,S,9.2,8.2,8.2,NA,1013.1,0,0,0,0,0,NA,NA,NA,0.063,0,17.7,60,9.9,17.2,11.07,1.1994,0,NA,234,1,100,10
2026-08-19T03:30:00Z,9.3,9.3,9.2,30,-7.4,3.2,OSO,0.54,6.4,S,9.3,8.3,8.3,NA,1013.1,0,0,0,0,0,NA,NA,NA,0.063,0,17.7,60,9.9,17.2,11.07,1.1995,0,NA,233,1,100,10
2026-08-19T03:40:00Z,9.4,9.4,9.3,30,-7.3,4.8,SO,0.8,9.7,O,9.1,8.3,8.1,NA,1013.4,0,0,0,0,0,NA,NA,NA,0.062,0,17.7,60,9.9,17.2,11.07,1.1998,0,NA,234,1,100,10
2026-08-19T03:50:00Z,9.5,9.5,9.4,30,-7.2,3.2,SO,0.54,8,SSO,9.5,8.4,8.4,NA,1013.4,0,0,0,0,0,NA,NA,NA,0.061,0,17.7,60,9.9,17.2,11.07,1.1998,0,NA,235,1,100,10
2026-08-19T04:00:00Z,9.6,9.6,9.5,30,-7.2,3.2,SO,0.54,6.4,OSO,9.6,8.5,8.5,NA,1013.3,0,0,0,0,0,NA,NA,NA,0.061,0,17.7,60,9.9,17.2,11.07,1.1997,0.05,NA,233,1,100,10
2026-08-19T04:10:00Z,9.7,9.7,9.6,30,-7.1,4.8,OSO,0.8,9.7,O,9.4,8.6,8.4,NA,1013.2,0,0,0,0,0,NA,NA,NA,0.06,0,17.7,60,9.8,17.2,11.07,1.1998,0,NA,234,1,100,10
2026-08-19T04:20:00Z,9.7,9.7,9.7,30,-7.1,4.8,SO,0.8,9.7,SSO,9.5,8.7,8.4,NA,1013.1,0,0,0,0,0,NA,NA,NA,0.06,0,17.6,60,9.7,17.1,11.08,1.2,0,NA,234,1,100,10
2026-08-19T04:30:00Z,9.8,9.8,9.7,29,-7.4,4.8,SO,0.8,12.9,SO,9.6,8.7,8.5,NA,1013,0,0,0,0,0,NA,NA,NA,0.059,0,17.7,60,9.8,17.2,11.07,1.1996,0,NA,231,1,100,10
2026-08-19T04:40:00Z,9.8,9.8,9.8,29,-7.4,4.8,OSO,0.8,14.5,O,9.6,8.7,8.5,NA,1013.1,0,0,0,0,0,NA,NA,NA,0.059,0,17.6,60,9.7,17.1,11.08,1.2,0,NA,234,1,100,10
2026-08-19T04:50:00Z,9.8,9.8,9.7,29,-7.4,4.8,OSO,0.8,11.3,SSO,9.6,8.7,8.5,NA,1012.9,0,0,0,0,0,NA,NA,NA,0.059,0,17.6,60,9.7,17.1,11.08,1.1998,0,NA,233,1,100,10
2026-08-19T05:00:00Z,9.8,9.8,9.8,28,-7.9,4.8,SO,0.8,14.5,SO,9.6,8.7,8.4,NA,1012.8,0,0,0,0,0,NA,NA,NA,0.059,0,17.6,60,9.7,17.1,11.08,1.1996,0.05,NA,234,1,100,10
2026-08-19T05:10:00Z,9.7,9.8,9.7,28,-7.9,4.8,OSO,0.8,12.9,O,9.5,8.6,8.4,NA,1012.8,0,0,0,0,0,NA,NA,NA,0.06,0,17.6,60,9.7,17.1,11.08,1.1996,0,NA,234,1,100,10
2026-08-19T05:20:00Z,9.7,9.7,9.7,28,-8,4.8,OSO,0.8,11.3,NO,9.4,8.6,8.3,NA,1012.7,0,0,0,0,0,NA,NA,NA,0.06,0,17.6,60,9.7,17,11.08,1.1998,0,NA,234,1,100,10
2026-08-19T05:30:00Z,9.6,9.7,9.6,28,-8.1,4.8,OSO,0.8,16.1,OSO,9.3,8.4,8.2,NA,1012.8,0,0,0,0,0,NA,NA,NA,0.061,0,17.5,60,9.6,16.9,11.08,1.2002,0,NA,234,1,100,10
2026-08-19T05:40:00Z,9.5,9.6,9.5,27,-8.6,4.8,SO,0.8,11.3,O,9.2,8.4,8.1,NA,1012.5,0,0,0,0,0,NA,NA,NA,0.061,0,17.6,60,9.7,17,11.08,1.1995,0,NA,234,1,100,10
2026-08-19T05:50:00Z,9.4,9.5,9.4,27,-8.7,4.8,OSO,0.8,11.3,O,9.2,8.3,8.1,NA,1012.5,0,0,0,0,0,NA,NA,NA,0.062,0,17.5,60,9.6,16.9,11.08,1.1998,0,NA,234,1,100,10
2026-08-19T06:00:00Z,9.4,9.4,9.3,27,-8.7,4.8,OSO,0.8,9.7,O,9.1,8.3,8,NA,1012.6,0,0,0,0,0,NA,NA,NA,0.062,0,17.5,60,9.6,16.9,11.08,1.1999,0.05,NA,234,1,100,10
2026-08-19T06:10:00Z,9.3,9.4,9.3,27,-8.8,4.8,OSO,0.8,12.9,O,9.1,8.2,7.9,NA,1012.6,0,0,0,0,0,NA,NA,NA,0.063,0,17.5,60,9.6,16.9,11.08,1.1999,0,NA,233,1,100,10
2026-08-19T06:20:00Z,9.3,9.3,9.3,27,-8.8,3.2,SO,0.54,11.3,O,9.3,8.2,8.2,NA,1012.5,0,0,0,0,0,NA,NA,NA,0.063,0,17.4,60,9.6,16.9,11.08,1.2001,0,NA,233,1,100,10
2026-08-19T06:30:00Z,9.3,9.3,9.3,27,-8.8,3.2,SO,0.54,9.7,O,9.3,8.2,8.2,NA,1012.4,0,0,0,0,0,NA,NA,NA,0.063,0,17.4,60,9.6,16.9,11.08,1.1999,0,NA,233,1,100,10
2026-08-19T06:40:00Z,9.3,9.3,9.2,26,-9.3,3.2,OSO,0.54,9.7,O,9.3,8.2,8.2,NA,1012.2,0,0,0,0,0,NA,NA,NA,0.063,0,17.4,60,9.6,16.9,11.08,1.1997,0,NA,232,1,100,10
2026-08-19T06:50:00Z,9.2,9.3,9.2,26,-9.3,3.2,SO,0.54,9.7,SSO,9.2,8.1,8.1,NA,1011.9,0,0,0,0,0,NA,NA,NA,0.063,0,17.4,60,9.6,16.9,11.08,1.1994,0,NA,234,1,100,10
2026-08-19T07:00:00Z,9.2,9.2,9.2,26,-9.4,3.2,OSO,0.54,11.3,S,9.2,8.1,8.1,NA,1011.9,0,0,0,0,0,NA,NA,NA,0.064,0,17.4,60,9.6,16.9,11.08,1.1993,0.05,NA,232,1,100,10
2026-08-19T07:10:00Z,9.1,9.2,9.1,26,-9.4,3.2,SSO,0.54,9.7,O,9.1,8,8,NA,1012,0,0,0,0,0,NA,NA,NA,0.064,0,17.4,60,9.5,16.8,11.08,1.1998,0,NA,234,1,100,10
2026-08-19T07:20:00Z,9.1,9.2,9.1,26,-9.4,3.2,SO,0.54,6.4,SSO,9.1,8,8,NA,1011.9,0,0,0,0,0,NA,NA,NA,0.064,0,17.4,60,9.6,16.9,11.08,1.1994,0,NA,233,1,100,10
2026-08-19T07:30:00Z,9.1,9.1,9.1,26,-9.5,4.8,SO,0.8,12.9,O,8.7,7.9,7.6,NA,1012,0,0,0,0,0,NA,NA,NA,0.064,0,17.4,60,9.5,16.8,11.08,1.1998,0,NA,234,1,100,10
2026-08-19T07:40:00Z,9.1,9.1,9.1,26,-9.5,3.2,SO,0.54,8,OSO,9.1,7.9,7.9,NA,1011.9,0,0,0,0,0,NA,NA,NA,0.064,0,17.4,60,9.5,16.8,11.08,1.1997,0,NA,233,1,100,10
2026-08-19T07:50:00Z,9.1,9.1,9.1,26,-9.4,4.8,OSO,0.8,12.9,OSO,8.8,8,7.7,NA,1011.9,0,0,0,0,0,NA,NA,NA,0.064,0,17.4,60,9.5,16.8,11.08,1.1997,0,NA,233,1,100,10
2026-08-19T08:00:00Z,9.1,9.1,9.1,26,-9.4,3.2,SO,0.54,11.3,OSO,9.1,8,8,NA,1012,0,0,0,0,0,NA,NA,NA,0.064,0,17.3,60,9.5,16.7,11.09,1.2,0.05,NA,234,1,100,10
2026-08-19T08:10:00Z,9.1,9.1,9.1,26,-9.4,4.8,SO,0.8,8,S,8.8,8,7.7,NA,1011.9,0,0,0,0,0,NA,NA,NA,0.064,0,17.3,60,9.5,16.7,11.09,1.2,0,NA,233,1,100,10
2026-08-19T08:20:00Z,9.2,9.2,9.1,26,-9.4,3.2,OSO,0.54,8,SO,9.2,8.1,8.1,NA,1012.1,0,0,0,0,0,NA,NA,NA,0.064,0,17.3,61,9.7,16.8,11.25,1.1999,0,NA,234,1,100,10
2026-08-19T08:30:00Z,9.2,9.2,9.2,26,-9.4,3.2,SO,0.54,9.7,O,9.2,8.1,8.1,NA,1012.1,0,0,0,0,0,NA,NA,NA,0.064,0,17.3,61,9.7,16.8,11.25,1.1999,0,NA,233,1,100,10
2026-08-19T08:40:00Z,9.2,9.2,9.2,26,-9.4,3.2,OSO,0.54,8,SO,9.2,8.1,8.1,NA,1012.3,0,0,0,0,0,NA,NA,NA,0.064,0,17.3,61,9.7,16.8,11.25,1.2001,0,NA,232,1,100,10
2026-08-19T08:50:00Z,9.2,9.2,9.2,26,-9.3,1.6,OSO,0.27,6.4,OSO,9.2,8.1,8.1,NA,1012.1,0,0,0,0,0,NA,NA,NA,0.063,0,17.3,61,9.7,16.8,11.25,1.1999,0,NA,234,1,100,10
2026-08-19T09:00:00Z,9.2,9.2,9.2,27,-8.8,3.2,OSO,0.54,11.3,SO,9.2,8.1,8.1,NA,1012.4,0,0,0,0,0,NA,NA,NA,0.063,0,17.3,61,9.7,16.8,11.25,1.2003,0.05,NA,233,1,100,10
2026-08-19T09:10:00Z,9.2,9.2,9.2,27,-8.8,3.2,SO,0.54,9.7,O,9.2,8.1,8.1,NA,1012.3,0,0,0,0,0,NA,NA,NA,0.063,0,17.3,61,9.7,16.8,11.25,1.2001,0,NA,234,1,100,10
2026-08-19T09:20:00Z,9.2,9.2,9.2,27,-8.8,3.2,SO,0.54,12.9,O,9.2,8.1,8.1,NA,1012.3,0,0,0,0,0,NA,NA,NA,0.063,0,17.3,61,9.7,16.7,11.25,1.2005,0,NA,235,1,100,10
2026-08-19T09:30:00Z,9.2,9.2,9.2,27,-8.8,3.2,SO,0.54,9.7,ONO,9.2,8.1,8.1,NA,1012.4,0,0,0,0,0,NA,NA,NA,0.063,0,17.3,61,9.7,16.7,11.25,1.2005,0,NA,234,1,100,10
2026-08-19T09:40:00Z,9.2,9.2,9.2,27,-8.8,3.2,SO,0.54,9.7,O,9.2,8.1,8.1,NA,1012.3,0,0,0,0,0,NA,NA,NA,0.063,0,17.3,61,9.7,16.7,11.25,1.2005,0,NA,233,1,100,10
2026-08-19T09:50:00Z,9.2,9.2,9.2,27,-8.8,3.2,SO,0.54,6.4,OSO,9.2,8.1,8.1,NA,1012.1,0,0,0,0,0,NA,NA,NA,0.063,0,17.3,61,9.7,16.7,11.25,1.2002,0,NA,234,1,100,10
2026-08-19T10:00:00Z,9.2,9.2,9.2,27,-8.8,3.2,OSO,0.54,11.3,OSO,9.2,8.1,8.1,NA,1012.3,0,0,0,0,0,NA,NA,NA,0.063,0,17.4,62,10,16.9,11.45,1.1996,0.05,NA,234,1,100,10
2026-08-19T10:10:00Z,9.3,9.3,9.2,28,-8.3,3.2,SO,0.54,8,SSO,9.3,8.2,8.2,NA,1012.5,0.25,0,0,0,0,NA,NA,NA,0.063,0,17.9,64,11,17.6,11.77,1.1968,0,NA,232,1,100,10
2026-08-19T10:20:00Z,9.2,9.3,9.2,28,-8.4,3.2,SO,0.54,11.3,O,9.2,8.1,8.1,NA,1012.5,0,0,0,0,0,NA,NA,NA,0.063,0,18.4,64,11.5,18.2,11.75,1.1941,0,NA,233,1,100,10
2026-08-19T10:30:00Z,9.2,9.3,9.2,28,-8.4,3.2,SO,0.54,9.7,O,9.2,8.1,8.1,NA,1012.6,0,0,0,0,0,NA,NA,NA,0.063,0,18.8,65,12.1,18.7,11.93,1.192,0,NA,234,1,100,10
2026-08-19T10:40:00Z,9.2,9.2,9.2,28,-8.4,3.2,OSO,0.54,8,ONO,9.2,8.1,8.1,NA,1012.9,0,0,0,0,0,NA,NA,NA,0.063,0,19.2,65,12.5,19.2,11.92,1.1903,0,NA,232,1,100,10
2026-08-19T10:50:00Z,9.2,9.2,9.2,28,-8.4,3.2,SO,0.54,9.7,O,9.2,8.1,8.1,NA,1012.9,0,0,5,0.07,7,NA,NA,NA,0.063,0,19.5,64,12.5,19.4,11.71,1.1891,0,NA,234,1,100,10
2026-08-19T11:00:00Z,9.3,9.3,9.2,28,-8.3,3.2,OSO,0.54,8,SO,9.3,8.2,8.2,NA,1013,0,0,12,0.17,16,NA,NA,NA,0.063,0,19.7,64,12.7,19.7,11.7,1.1884,0.05,NA,234,1,100,10
2026-08-19T11:50:00Z,9.3,9.3,9.3,29,-7.9,3.2,OSO,0.54,12.9,O,9.3,8.2,8.2,NA,1012.9,0,0,45,0.65,51,NA,NA,NA,0.063,0,19.9,64,12.9,20,11.69,1.1868,0,NA,262,1,100,10
2026-08-19T12:00:00Z,9.4,9.4,9.3,29,-7.8,3.2,OSO,0.54,12.9,O,9.4,8.3,8.3,NA,1013.2,0,0,57,0.82,63,NA,NA,NA,0.062,0,20.2,64,13.2,20.2,11.68,1.1858,0.05,NA,234,1,100,10
2026-08-19T12:10:00Z,9.4,9.4,9.4,29,-7.7,1.6,OSO,0.27,6.4,OSO,9.4,8.4,8.4,NA,1013.3,0,0,54,0.77,60,NA,NA,NA,0.062,0,20.4,64,13.3,20.3,11.68,1.185,0,NA,233,1,100,10
2026-08-19T12:20:00Z,9.5,9.5,9.4,29,-7.7,3.2,SO,0.54,8,OSO,9.5,8.4,8.4,NA,1013.3,0,0,69,0.99,86,NA,NA,NA,0.061,0,20.4,63,13.1,20.3,11.58,1.1853,0,NA,233,1,100,10
2026-08-19T12:30:00Z,9.6,9.6,9.5,29,-7.6,3.2,OSO,0.54,9.7,O,9.6,8.5,8.5,NA,1013.4,0,0,80,1.15,93,NA,NA,NA,0.061,0,20.4,63,13.2,20.3,11.57,1.1851,0,NA,232,1,100,10
2026-08-19T12:40:00Z,9.6,9.6,9.6,29,-7.6,3.2,SO,0.54,8,SO,9.6,8.6,8.6,NA,1013.4,0,0,79,1.13,86,NA,NA,NA,0.061,0,20.6,63,13.3,20.4,11.57,1.1845,0,NA,234,1,100,10
2026-08-19T12:50:00Z,9.6,9.7,9.6,29,-7.6,3.2,SSO,0.54,8,OSO,9.6,8.6,8.6,NA,1013.6,0,0,65,0.93,74,NA,NA,NA,0.061,0,20.8,63,13.5,20.6,11.56,1.1836,0,NA,234,1,100,10
2026-08-19T13:00:00Z,9.7,9.7,9.6,29,-7.5,3.2,SO,0.54,6.4,SSO,9.7,8.6,8.6,NA,1013.7,0,0,71,1.02,77,NA,NA,NA,0.06,0,20.9,63,13.6,20.7,11.56,1.1832,0.03,NA,235,1,100,10
2026-08-19T13:10:00Z,9.6,9.7,9.6,29,-7.6,4.8,OSO,0.8,12.9,O,9.4,8.6,8.3,NA,1013.8,0,0,66,0.95,72,NA,NA,NA,0.061,0,21,63,13.7,20.7,11.55,1.1827,0,NA,233,1,100,10
2026-08-19T13:20:00Z,9.7,9.7,9.6,29,-7.5,3.2,OSO,0.54,8,OSO,9.7,8.6,8.6,NA,1013.8,0,0,68,0.97,76,NA,NA,NA,0.06,0,21,63,13.7,20.7,11.55,1.1827,0,NA,232,1,100,10
2026-08-19T13:30:00Z,9.8,9.8,9.7,29,-7.4,4.8,OSO,0.8,12.9,O,9.6,8.8,8.6,NA,1013.6,0,0,98,1.4,113,NA,NA,NA,0.059,0,21.1,63,13.7,20.8,11.55,1.1822,0,NA,233,1,100,10
2026-08-19T13:40:00Z,10.1,10.1,9.8,29,-7.2,4.8,OSO,0.8,14.5,OSO,9.9,8.9,8.8,NA,1013.3,0,0,189,2.71,250,NA,NA,NA,0.057,0,21.1,62,13.5,20.8,11.35,1.1819,0,NA,232,1,100,10
2026-08-19T13:50:00Z,10.2,10.2,10.1,29,-7.1,6.4,OSO,1.07,12.9,O,9.6,9.1,8.5,NA,1013.7,0.25,0,209,3,229,NA,NA,NA,0.056,0,21.2,62,13.6,20.8,11.35,1.182,0,NA,232,1,100,10
2026-08-19T14:00:00Z,10.3,10.3,10.2,29,-7,4.8,OSO,0.8,12.9,OSO,10.2,9.2,9.1,NA,1013.7,0,0,141,2.02,174,NA,NA,NA,0.056,0,21.2,62,13.6,20.9,11.35,1.1818,0.08,NA,233,1,100,10
2026-08-19T14:10:00Z,10.4,10.4,10.3,29,-6.9,4.8,OSO,0.8,8,SO,10.3,9.3,9.2,NA,1013.9,0,0,120,1.72,132,NA,NA,NA,0.055,0,21.2,62,13.6,20.9,11.35,1.182,0,NA,234,1,100,10
2026-08-19T14:20:00Z,10.5,10.5,10.4,29,-6.8,3.2,SO,0.54,11.3,OSO,10.5,9.3,9.3,NA,1013.7,0,0,102,1.46,109,NA,NA,NA,0.054,0,21.4,62,13.8,21.1,11.34,1.181,0,NA,233,1,100,10
2026-08-19T14:30:00Z,10.6,10.6,10.5,29,-6.8,4.8,OSO,0.8,12.9,O,10.4,9.3,9.2,NA,1013.5,0,0,155,2.22,216,NA,NA,NA,0.054,0,21.4,63,14.1,21.2,11.54,1.1801,0,NA,232,1,100,10
2026-08-19T14:40:00Z,10.9,10.9,10.6,29,-6.5,3.2,SO,0.54,9.7,O,10.9,9.6,9.6,NA,1013.4,0,0,209,3,227,NA,NA,NA,0.052,0,21.6,63,14.2,21.4,11.53,1.1794,0,NA,231,1,100,10
2026-08-19T14:50:00Z,11,11,10.9,28,-6.8,4.8,O,0.8,14.5,OSO,10.9,9.6,9.6,NA,1013.5,0,0,140,2.01,176,NA,NA,NA,0.051,0,21.7,63,14.4,21.6,11.53,1.1786,0,NA,233,1,100,10
2026-08-19T15:00:00Z,11.1,11.1,11,28,-6.8,4.8,OSO,0.8,16.1,OSO,11,9.7,9.6,NA,1013.3,0,0,112,1.61,130,NA,NA,NA,0.051,0,21.8,63,14.4,21.7,11.53,1.1782,0.08,NA,234,1,100,10
2026-08-19T15:10:00Z,11.1,11.1,11,28,-6.7,4.8,OSO,0.8,12.9,OSO,11.1,9.7,9.7,NA,1013.2,0,0,155,2.22,169,NA,NA,NA,0.05,0,21.8,63,14.5,21.8,11.52,1.1777,0,NA,234,1,100,10
2026-08-19T15:20:00Z,11.3,11.3,11.1,28,-6.6,1.6,SO,0.27,4.8,OSO,11.3,9.9,9.9,NA,1012.9,0,0,148,2.12,169,NA,NA,NA,0.049,0,21.9,63,14.5,21.8,11.52,1.1771,0,NA,235,1,100,10
2026-08-19T15:30:00Z,11.4,11.4,11.3,27,-6.9,3.2,OSO,0.54,8,SSE,11.4,9.9,9.9,NA,1012.7,0,0,151,2.16,185,NA,NA,NA,0.048,0,21.8,62,14.2,21.7,11.32,1.1775,0,NA,234,1,100,10
2026-08-19T15:40:00Z,11.6,11.6,11.4,27,-6.8,4.8,SO,0.8,12.9,O,11.6,10.1,10.1,NA,1012.5,0,0,167,2.39,188,NA,NA,NA,0.047,0,21.9,62,14.3,21.8,11.32,1.1769,0,NA,234,1,100,10
2026-08-19T15:50:00Z,11.6,11.6,11.6,26,-7.3,4.8,OSO,0.8,12.9,OSO,11.6,10.1,10.1,NA,1012.3,0,0,159,2.28,176,NA,NA,NA,0.047,0,22,62,14.4,21.9,11.32,1.1761,0,NA,233,1,100,10
2026-08-19T16:00:00Z,11.6,11.7,11.6,26,-7.3,4.8,SO,0.8,12.9,OSO,11.6,10.1,10.1,NA,1012.3,0,0,146,2.09,165,NA,NA,NA,0.047,0,22.1,62,14.5,22.1,11.31,1.1755,0.08,NA,233,1,100,10
2026-08-19T16:10:00Z,11.6,11.7,11.6,26,-7.3,3.2,SO,0.54,8,SSO,11.6,10.1,10.1,NA,1012.5,0,0,112,1.61,125,NA,NA,NA,0.047,0,22.2,63,14.8,22.3,11.51,1.1749,0,NA,234,1,100,10
2026-08-19T16:20:00Z,11.6,11.6,11.6,25,-7.8,3.2,OSO,0.54,11.3,OSO,11.6,9.9,9.9,NA,1012.6,0,0,90,1.29,95,NA,NA,NA,0.047,0,22.2,62,14.6,22.3,11.31,1.1753,0,NA,235,1,100,10
2026-08-19T16:30:00Z,11.3,11.6,11.3,25,-8,4.8,OSO,0.8,9.7,O,11.3,9.8,9.7,NA,1012.4,0,0,83,1.19,91,NA,NA,NA,0.049,0,22.2,62,14.5,22.2,11.31,1.1754,0,NA,234,1,100,10
2026-08-19T16:40:00Z,11.2,11.3,11.1,25,-8.2,6.4,OSO,1.07,12.9,OSO,10.7,9.7,9.2,NA,1012.3,0,0,94,1.35,104,NA,NA,NA,0.05,0,22.3,62,14.6,22.3,11.31,1.1747,0,NA,233,1,100,10
2026-08-19T16:50:00Z,11.1,11.2,11.1,25,-8.3,3.2,OSO,0.54,9.7,O,11.1,9.6,9.6,NA,1012.3,0,0,87,1.25,91,NA,NA,NA,0.051,0,22.4,63,15,22.6,11.5,1.1738,0,NA,233,1,100,10
2026-08-19T17:00:00Z,11,11.1,10.9,25,-8.3,3.2,OSO,0.54,6.4,SO,11,9.6,9.6,NA,1012,0,0,93,1.33,104,NA,NA,NA,0.051,0,22.4,63,15.1,22.6,11.5,1.1731,0.1,NA,234,1,100,10
2026-08-19T17:10:00Z,10.9,11,10.9,25,-8.4,3.2,OSO,0.54,14.5,O,10.9,9.4,9.4,NA,1011.8,0,0,106,1.52,111,NA,NA,NA,0.052,0,22.3,62,14.7,22.4,11.31,1.1738,0,NA,233,1,100,10
2026-08-19T17:20:00Z,10.9,10.9,10.9,25,-8.4,3.2,SSO,0.54,11.3,OSO,10.9,9.4,9.4,NA,1011,0,0,116,1.66,135,NA,NA,NA,0.052,0,21.8,62,14.2,21.7,11.32,1.1755,0,NA,233,1,100,10
2026-08-19T17:30:00Z,11,11,10.9,25,-8.3,3.2,SSO,0.54,6.4,O,11,9.6,9.6,NA,1010.9,0,0,131,1.88,141,NA,NA,NA,0.051,0,21.3,62,13.8,21.1,11.34,1.1779,0,NA,234,1,100,10
2026-08-19T17:40:00Z,10.9,11,10.9,25,-8.4,3.2,OSO,0.54,12.9,O,10.9,9.5,9.5,NA,1010.8,0,0,107,1.53,114,NA,NA,NA,0.051,0,20.9,62,13.4,20.7,11.36,1.1798,0,NA,234,1,100,10
2026-08-19T17:50:00Z,10.9,11,10.9,25,-8.4,3.2,SO,0.54,9.7,O,10.9,9.5,9.5,NA,1010.9,0,0,81,1.16,90,NA,NA,NA,0.051,0,20.7,62,13.1,20.4,11.37,1.1814,0,NA,234,1,100,10
2026-08-19T18:00:00Z,10.9,10.9,10.9,25,-8.4,3.2,SSO,0.54,11.3,OSO,10.9,9.4,9.4,NA,1010.9,0,0,72,1.03,76,NA,NA,NA,0.052,0,20.4,63,13.2,20.3,11.57,1.1822,0.1,NA,234,1,100,10
2026-08-19T18:10:00Z,10.9,10.9,10.9,25,-8.4,3.2,SSO,0.54,9.7,SO,10.9,9.5,9.5,NA,1010.9,0,0,59,0.85,67,NA,NA,NA,0.051,0,20.2,63,12.9,20.2,11.58,1.1833,0,NA,234,1,100,10
2026-08-19T18:20:00Z,10.9,10.9,10.9,25,-8.4,3.2,OSO,0.54,6.4,ONO,10.9,9.5,9.5,NA,1010.9,0,0,56,0.8,62,NA,NA,NA,0.051,0,20.1,63,12.8,20.1,11.59,1.1841,0,NA,234,1,100,10
2026-08-19T18:30:00Z,10.9,10.9,10.9,25,-8.4,3.2,OSO,0.54,9.7,O,10.9,9.5,9.5,NA,1011,0,0,64,0.92,67,NA,NA,NA,0.051,0,19.9,63,12.7,19.9,11.59,1.1848,0,NA,233,1,100,10
2026-08-19T18:40:00Z,11.1,11.1,10.9,25,-8.3,1.6,OSO,0.27,9.7,ONO,11.1,9.6,9.6,NA,1010.9,0,0,69,0.99,72,NA,NA,NA,0.051,0,19.8,63,12.6,19.8,11.6,1.1853,0,NA,234,1,100,10
2026-08-19T18:50:00Z,11.1,11.1,11.1,25,-8.2,3.2,OSO,0.54,8,SO,11.1,9.6,9.6,NA,1011,0,0,70,1,79,NA,NA,NA,0.05,0,19.7,63,12.5,19.7,11.6,1.186,0,NA,234,1,100,10
2026-08-19T19:00:00Z,11.2,11.2,11.1,25,-8.2,1.6,SO,0.27,4.8,SO,11.2,9.7,9.7,NA,1011,0,0,71,1.02,79,NA,NA,NA,0.05,0,19.7,63,12.4,19.6,11.6,1.1863,0.08,NA,234,1,100,10
2026-08-19T19:10:00Z,11.2,11.2,11.2,25,-8.1,1.6,OSO,0.27,4.8,SO,11.2,9.7,9.7,NA,1011,0,0,66,0.95,76,NA,NA,NA,0.049,0,19.6,63,12.4,19.6,11.6,1.1865,0,NA,233,1,100,10
2026-08-19T19:20:00Z,11.3,11.3,11.2,25,-8.1,1.6,SO,0.27,4.8,SO,11.3,9.7,9.7,NA,1010.9,0,0,74,1.06,77,NA,NA,NA,0.049,0,19.6,63,12.3,19.4,11.61,1.1867,0,NA,233,1,100,10
2026-08-19T19:30:00Z,11.3,11.3,11.3,25,-8.1,1.6,SO,0.27,4.8,SSO,11.3,9.7,9.7,NA,1010.9,0,0,64,0.92,72,NA,NA,NA,0.049,0,19.5,63,12.3,19.4,11.61,1.187,0,NA,234,1,100,10
2026-08-19T19:40:00Z,11.3,11.3,11.3,25,-8,1.6,SSO,0.27,4.8,OSO,11.3,9.8,9.8,NA,1010.8,0,0,58,0.83,60,NA,NA,NA,0.049,0,19.4,63,12.2,19.3,11.61,1.1871,0,NA,235,1,100,10
2026-08-19T19:50:00Z,11.4,11.4,11.3,24,-8.5,1.6,SSO,0.27,3.2,SSO,11.4,9.8,9.8,NA,1010.7,0,0,50,0.72,53,NA,NA,NA,0.048,0,19.4,63,12.2,19.3,11.61,1.1873,0,NA,234,1,100,10
2026-08-19T20:00:00Z,11.4,11.4,11.4,24,-8.5,1.6,S,0.27,3.2,S,11.4,9.8,9.8,NA,1010.8,0,0,50,0.72,53,NA,NA,NA,0.048,0,19.3,63,12.1,19.2,11.61,1.1877,0.05,NA,234,1,100,10
2026-08-19T20:10:00Z,11.4,11.5,11.4,24,-8.5,1.6,SO,0.27,4.8,OSO,11.4,9.8,9.8,NA,1010.6,0,0,51,0.73,58,NA,NA,NA,0.048,0,19.3,63,12.1,19.2,11.61,1.1875,0,NA,234,1,100,10
2026-08-19T20:20:00Z,11.5,11.5,11.4,24,-8.4,1.6,SO,0.27,3.2,SSO,11.5,9.9,9.9,NA,1010.4,0,0,44,0.63,49,NA,NA,NA,0.047,0,19.3,63,12.1,19.1,11.62,1.1876,0,NA,232,1,100,10
2026-08-19T20:30:00Z,11.6,11.6,11.5,24,-8.4,1.6,SSO,0.27,3.2,S,11.6,9.9,9.9,NA,1010.4,0,0,46,0.66,53,NA,NA,NA,0.047,0,19.2,63,12,19.1,11.62,1.1879,0,NA,234,1,100,10
2026-08-19T20:40:00Z,11.7,11.7,11.6,24,-8.3,1.6,SSO,0.27,3.2,SSO,11.7,10.1,10.1,NA,1010.4,0,0,29,0.42,30,NA,NA,NA,0.046,0,19.2,63,12,19,11.62,1.1881,0,NA,233,1,100,10
2026-08-19T20:50:00Z,11.7,11.7,11.7,24,-8.2,1.6,SO,0.27,3.2,S,11.7,10.1,10.1,NA,1010.3,0,0,25,0.36,26,NA,NA,NA,0.046,0,19.2,63,12,19,11.62,1.188,0,NA,232,1,100,10
2026-08-19T21:00:00Z,11.8,11.8,11.7,25,-7.6,1.6,SO,0.27,3.2,SO,11.8,10.2,10.2,NA,1010.2,0,0,21,0.3,23,NA,NA,NA,0.046,0,19.2,63,12,19,11.62,1.1879,0.05,NA,233,1,100,10
2026-08-19T21:10:00Z,11.8,11.8,11.8,25,-7.6,1.6,OSO,0.27,3.2,OSO,11.8,10.2,10.2,NA,1010.2,0,0,15,0.22,18,NA,NA,NA,0.045,0,19.1,64,12.1,19,11.72,1.1879,0,NA,233,1,100,10
2026-08-19T21:20:00Z,11.8,11.8,11.8,25,-7.6,1.6,SO,0.27,4.8,SO,11.8,10.2,10.2,NA,1010,0,0,9,0.13,11,NA,NA,NA,0.045,0,19.1,64,12.1,18.9,11.72,1.1879,0,NA,234,1,100,10
2026-08-19T21:30:00Z,11.8,11.8,11.8,25,-7.6,1.6,OSO,0.27,4.8,OSO,11.8,10.2,10.2,NA,1010,0,0,3,0.04,7,NA,NA,NA,0.045,0,19.1,64,12.1,18.9,11.72,1.188,0,NA,234,1,100,10
2026-08-19T21:40:00Z,11.9,11.9,11.8,25,-7.6,1.6,OSO,0.27,9.7,O,11.9,10.2,10.2,NA,1010,0,0,0,0,0,NA,NA,NA,0.045,0,19,64,12,18.8,11.73,1.1883,0,NA,234,1,100,10
2026-08-19T21:50:00Z,11.9,11.9,11.9,25,-7.5,1.6,O,0.27,6.4,O,11.9,10.3,10.3,NA,1010.1,0,0,0,0,0,NA,NA,NA,0.044,0,19,64,12,18.8,11.73,1.1884,0,NA,233,1,100,10
2026-08-19T22:00:00Z,11.9,11.9,11.9,26,-7,1.6,OSO,0.27,3.2,OSO,11.9,10.3,10.3,NA,1010.3,0,0,0,0,0,NA,NA,NA,0.044,0,19,64,12,18.8,11.73,1.1885,0.03,NA,234,1,100,10
2026-08-19T22:10:00Z,11.9,11.9,11.9,26,-7,1.6,OSO,0.27,4.8,OSO,11.9,10.3,10.3,NA,1010,0,0,0,0,0,NA,NA,NA,0.044,0,18.9,64,12,18.8,11.73,1.1885,0,NA,234,1,100,10
2026-08-19T22:20:00Z,11.9,12,11.9,26,-7,1.6,OSO,0.27,3.2,SO,11.9,10.3,10.3,NA,1010,0,0,0,0,0,NA,NA,NA,0.044,0,18.9,64,12,18.8,11.73,1.1885,0,NA,233,1,100,10
2026-08-19T22:30:00Z,11.9,12,11.9,26,-7,1.6,OSO,0.27,4.8,SO,11.9,10.3,10.3,NA,1009.9,0,0,0,0,0,NA,NA,NA,0.044,0,18.9,64,12,18.8,11.73,1.1884,0,NA,232,1,100,10
2026-08-19T22:40:00Z,11.9,11.9,11.9,26,-7,1.6,SO,0.27,3.2,S,11.9,10.3,10.3,NA,1009.9,0,0,0,0,0,NA,NA,NA,0.044,0,18.9,64,11.9,18.7,11.73,1.1887,0,NA,233,1,100,10
2026-08-19T22:50:00Z,11.9,11.9,11.9,26,-7,1.6,SO,0.27,4.8,SSO,11.9,10.3,10.3,NA,1010.1,0,0,0,0,0,NA,NA,NA,0.044,0,18.9,64,11.9,18.7,11.73,1.1889,0,NA,231,1,100,10
2026-08-19T23:00:00Z,11.9,11.9,11.9,26,-7,1.6,OSO,0.27,4.8,O,11.9,10.3,10.3,NA,1010,0,0,0,0,0,NA,NA,NA,0.044,0,18.8,64,11.9,18.7,11.73,1.1891,0.05,NA,235,1,100,10
2026-08-19T23:10:00Z,11.9,11.9,11.9,26,-7,1.6,OSO,0.27,6.4,ONO,11.9,10.3,10.3,NA,1010.1,0,0,0,0,0,NA,NA,NA,0.044,0,18.8,64,11.9,18.7,11.73,1.1892,0,NA,233,1,100,10
2026-08-19T23:20:00Z,11.9,11.9,11.9,26,-7,1.6,OSO,0.27,4.8,OSO,11.9,10.3,10.3,NA,1010.1,0,0,0,0,0,NA,NA,NA,0.044,0,18.8,64,11.9,18.7,11.73,1.1892,0,NA,234,1,100,10
2026-08-19T23:30:00Z,11.9,11.9,11.9,27,-6.5,3.2,OSO,0.54,6.4,OSO,11.9,10.3,10.3,NA,1009.9,0,0,0,0,0,NA,NA,NA,0.044,0,18.8,64,11.8,18.6,11.73,1.1892,0,NA,233,1,100,10
2026-08-19T23:40:00Z,11.8,11.9,11.8,27,-6.6,4.8,OSO,0.8,11.3,O,11.8,10.3,10.3,NA,1010,0.25,0,0,0,0,NA,NA,NA,0.045,0,18.8,64,11.8,18.6,11.73,1.1894,0,NA,234,1,100,10
2026-08-19T23:50:00Z,11.7,11.8,11.7,27,-6.7,3.2,OSO,0.54,11.3,O,11.7,10.2,10.2,NA,1010.1,0,0,0,0,0,NA,NA,NA,0.046,0,18.7,64,11.8,18.6,11.74,1.1898,0,NA,233,1,100,10
2026-08-20T00:00:00Z,11.7,11.8,11.7,27,-6.7,3.2,OSO,0.54,6.4,OSO,11.7,10.2,10.2,NA,1010.1,0.25,0,0,0,0,NA,NA,NA,0.046,0,18.7,64,11.8,18.6,11.74,1.1898,0.08,NA,233,1,100,10
2026-08-20T00:10:00Z,11.7,11.8,11.7,27,-6.7,3.2,OSO,0.54,9.7,SSO,11.7,10.2,10.2,NA,1010.2,0,0,0,0,0,NA,NA,NA,0.046,0,18.7,64,11.8,18.6,11.74,1.1899,0,NA,234,1,100,10
2026-08-20T00:20:00Z,11.7,11.7,11.7,27,-6.7,3.2,OSO,0.54,9.7,O,11.7,10.1,10.1,NA,1010.2,0.25,0,0,0,0,NA,NA,NA,0.046,0,18.7,64,11.8,18.6,11.74,1.1899,0,NA,234,1,100,10
2026-08-20T00:30:00Z,11.6,11.7,11.6,27,-6.8,3.2,OSO,0.54,12.9,OSO,11.6,10.1,10.1,NA,1010,0,0,0,0,0,NA,NA,NA,0.047,0,18.7,64,11.7,18.5,11.74,1.1899,0,NA,233,1,100,10
2026-08-20T00:40:00Z,11.6,11.6,11.6,28,-6.4,3.2,OSO,0.54,11.3,OSO,11.6,10.1,10.1,NA,1009.9,0,0,0,0,0,NA,NA,NA,0.047,0,18.6,64,11.7,18.4,11.74,1.1901,0,NA,234,1,100,10
2026-08-20T00:50:00Z,11.6,11.6,11.6,28,-6.4,1.6,OSO,0.27,4.8,O,11.6,10.1,10.1,NA,1010.3,0,0,0,0,0,NA,NA,NA,0.047,0,18.6,64,11.7,18.4,11.74,1.1905,0,NA,233,1,100,10
2026-08-20T01:00:00Z,11.6,11.6,11.6,28,-6.4,3.2,SO,0.54,16.1,O,11.6,10.1,10.1,NA,1010,0.25,0,0,0,0,NA,NA,NA,0.047,0,18.6,64,11.7,18.4,11.74,1.1902,0.08,NA,232,1,100,10
2026-08-20T01:10:00Z,11.5,11.6,11.5,28,-6.4,4.8,OSO,0.8,11.3,OSO,11.5,10,10,NA,1010,0,0,0,0,0,NA,NA,NA,0.047,0,18.6,64,11.7,18.4,11.74,1.1902,0,NA,234,1,100,10
2026-08-20T01:20:00Z,11.4,11.6,11.4,28,-6.5,4.8,OSO,0.8,12.9,OSO,11.4,10,10,NA,1010,0,0,0,0,0,NA,NA,NA,0.048,0,18.6,64,11.6,18.3,11.74,1.1905,0,NA,233,1,100,10
2026-08-20T01:30:00Z,11.4,11.5,11.4,28,-6.5,3.2,OSO,0.54,9.7,O,11.4,10,10,NA,1009.7,0,0,0,0,0,NA,NA,NA,0.048,0,18.6,64,11.6,18.3,11.74,1.1901,0,NA,234,1,100,10
2026-08-20T01:40:00Z,11.4,11.5,11.4,28,-6.5,4.8,OSO,0.8,11.3,ONO,11.4,10,10,NA,1009.8,0,0,0,0,0,NA,NA,NA,0.048,0,18.5,64,11.6,18.3,11.74,1.1905,0,NA,234,1,100,10
2026-08-20T01:50:00Z,11.4,11.4,11.4,28,-6.5,4.8,OSO,0.8,11.3,OSO,11.4,10,10,NA,1009.7,0,0,0,0,0,NA,NA,NA,0.048,0,18.5,64,11.6,18.3,11.74,1.1904,0,NA,234,1,100,10
2026-08-20T02:00:00Z,11.4,11.4,11.4,28,-6.5,3.2,OSO,0.54,6.4,SO,11.4,10,10,NA,1010,0,0,0,0,0,NA,NA,NA,0.048,0,18.5,64,11.6,18.3,11.74,1.1908,0.05,NA,233,1,100,10
2026-08-20T02:10:00Z,11.4,11.4,11.4,28,-6.5,3.2,OSO,0.54,9.7,O,11.4,10,10,NA,1010.1,0,0,0,0,0,NA,NA,NA,0.048,0,18.5,64,11.6,18.3,11.74,1.1909,0,NA,233,1,100,10
2026-08-20T02:20:00Z,11.4,11.4,11.4,28,-6.5,1.6,SSO,0.27,4.8,SO,11.4,10,10,NA,1009.8,0,0,0,0,0,NA,NA,NA,0.048,0,18.4,64,11.5,18.2,11.75,1.1909,0,NA,235,1,100,10
2026-08-20T02:30:00Z,11.4,11.4,11.4,29,-6,1.6,OSO,0.27,6.4,OSO,11.4,9.9,9.9,NA,1009.7,0,0,0,0,0,NA,NA,NA,0.048,0,18.4,64,11.5,18.2,11.75,1.1907,0,NA,232,1,100,10
2026-08-20T02:40:00Z,11.4,11.4,11.4,29,-6,1.6,OSO,0.27,4.8,OSO,11.4,9.9,9.9,NA,1009.7,0,0,0,0,0,NA,NA,NA,0.048,0,18.4,65,11.7,18.3,11.95,1.1904,0,NA,233,1,100,10
2026-08-20T02:50:00Z,11.4,11.4,11.3,28,-6.5,1.6,OSO,0.27,6.4,O,11.4,9.9,9.9,NA,1009.5,0,0,0,0,0,NA,NA,NA,0.048,0,18.4,65,11.7,18.2,11.95,1.1905,0,NA,233,1,100,10
2026-08-20T03:00:00Z,11.4,11.4,11.3,28,-6.5,1.6,O,0.27,3.2,O,11.4,9.9,9.9,NA,1009.5,0,0,0,0,0,NA,NA,NA,0.048,0,18.4,65,11.7,18.3,11.95,1.1902,0.05,NA,232,1,100,10
2026-08-20T03:10:00Z,11.4,11.4,11.3,29,-6,1.6,O,0.27,3.2,O,11.4,9.9,9.9,NA,1009.5,0,0,0,0,0,NA,NA,NA,0.048,0,18.4,65,11.7,18.2,11.95,1.1905,0,NA,231,1,100,10
2026-08-20T03:20:00Z,11.4,11.4,11.3,29,-6,0,O,0,3.2,O,11.4,9.9,9.9,NA,1009.4,0,0,0,0,0,NA,NA,NA,0.048,0,18.4,65,11.7,18.2,11.95,1.1904,0,NA,235,1,100,10
2026-08-20T03:30:00Z,11.3,11.4,11.3,29,-6.1,0,SO,0,1.6,O,11.3,9.9,9.9,NA,1009.5,0,0,0,0,0,NA,NA,NA,0.049,0,18.4,65,11.7,18.2,11.95,1.1904,0,NA,233,1,100,10
2026-08-20T03:40:00Z,11.3,11.4,11.3,29,-6.1,0,S,0,3.2,S,11.3,9.9,9.9,NA,1009.6,0,0,0,0,0,NA,NA,NA,0.049,0,18.4,65,11.7,18.2,11.95,1.1906,0,NA,233,1,100,10
2026-08-20T03:50:00Z,11.3,11.3,11.3,29,-6.1,0,S,0,1.6,S,11.3,9.9,9.9,NA,1009.8,0.25,0,0,0,0,NA,NA,NA,0.049,0,18.4,65,11.7,18.2,11.95,1.1909,0,NA,234,1,100,10
2026-08-20T04:00:00Z,11.3,11.3,11.3,29,-6.1,0,S,0,1.6,S,11.3,9.9,9.9,NA,1009.7,0.25,1,0,0,0,NA,NA,NA,0.049,0,18.3,65,11.6,18.2,11.95,1.191,0.03,NA,234,1,100,10
2026-08-20T04:10:00Z,11.3,11.3,11.3,29,-6.1,0,NA,0,0,NA,11.3,9.9,9.9,NA,1009.6,0,1,0,0,0,NA,NA,NA,0.049,0,18.3,65,11.6,18.2,11.95,1.1909,0,NA,234,1,100,10
2026-08-20T04:20:00Z,11.3,11.3,11.3,29,-6.1,0,S,0,3.2,S,11.3,9.9,9.9,NA,1009,0.25,1,0,0,0,NA,NA,NA,0.049,0,18.3,65,11.6,18.2,11.95,1.1902,0,NA,234,1,100,10
2026-08-20T04:30:00Z,11.2,11.3,11.2,29,-6.2,1.6,OSO,0.27,3.2,SSO,11.2,9.8,9.8,NA,1008.7,0.25,2,0,0,0,NA,NA,NA,0.049,0,18.3,65,11.6,18.1,11.95,1.1902,0,NA,235,1,100,10
2026-08-20T04:40:00Z,11.2,11.2,11.2,29,-6.2,1.6,ENE,0.27,4.8,ONO,11.2,9.8,9.8,NA,1008.7,0,1,0,0,0,NA,NA,NA,0.05,0,18.3,65,11.6,18.1,11.95,1.1901,0,NA,234,1,100,10
2026-08-20T04:50:00Z,11.2,11.2,11.2,29,-6.2,1.6,SO,0.27,4.8,SE,11.2,9.8,9.8,NA,1008.6,0,0,0,0,0,NA,NA,NA,0.05,0,18.3,65,11.6,18.1,11.95,1.19,0,NA,234,1,100,10
2026-08-20T05:00:00Z,11.2,11.2,11.2,29,-6.2,1.6,SSO,0.27,4.8,SSE,11.2,9.8,9.8,NA,1008.5,0.25,0,0,0,0,NA,NA,NA,0.05,0,18.3,65,11.6,18.1,11.95,1.1898,0.05,NA,233,1,100,10
2026-08-20T05:10:00Z,11.1,11.2,11.1,29,-6.3,1.6,SSE,0.27,4.8,E,11.1,9.7,9.7,NA,1008.2,0,0,0,0,0,NA,NA,NA,0.05,0,18.2,65,11.5,18.1,11.95,1.1898,0,NA,234,1,100,10
2026-08-20T05:20:00Z,11.1,11.1,11.1,29,-6.3,1.6,SSO,0.27,4.8,OSO,11.1,9.7,9.7,NA,1007.9,0,0,0,0,0,NA,NA,NA,0.05,0,18.2,65,11.5,18.1,11.95,1.1894,0,NA,233,1,100,10
2026-08-20T05:30:00Z,11.1,11.1,11.1,29,-6.3,1.6,SSO,0.27,4.8,OSO,11.1,9.7,9.7,NA,1007.9,0,0,0,0,0,NA,NA,NA,0.051,0,18.2,65,11.5,18.1,11.95,1.1894,0,NA,235,1,100,10
2026-08-20T05:40:00Z,11.1,11.1,11.1,29,-6.3,1.6,SO,0.27,6.4,SSO,11.1,9.7,9.7,NA,1007.8,0,0,0,0,0,NA,NA,NA,0.051,0,18.2,65,11.5,17.9,11.96,1.1896,0,NA,231,1,100,10
2026-08-20T05:50:00Z,11.1,11.1,11.1,29,-6.3,1.6,SSO,0.27,3.2,SO,11.1,9.7,9.7,NA,1007.8,0,0,0,0,0,NA,NA,NA,0.051,0,18.2,65,11.5,17.9,11.96,1.1896,0,NA,234,1,100,10
2026-08-20T06:00:00Z,11.1,11.1,11.1,29,-6.3,0,SO,0,3.2,SSO,11.1,9.7,9.7,NA,1007.7,0,0,0,0,0,NA,NA,NA,0.051,0,18.2,65,11.5,18.1,11.95,1.1892,0.05,NA,234,1,100,10
2026-08-20T06:10:00Z,11,11.1,11,30,-5.9,0,SSO,0,3.2,SSO,11,9.7,9.7,NA,1007.6,0,0,0,0,0,NA,NA,NA,0.051,0,18.2,65,11.5,17.9,11.96,1.1893,0,NA,234,1,100,10
2026-08-20T06:20:00Z,11,11,10.9,30,-5.9,0,SSO,0,1.6,SSO,11,9.7,9.7,NA,1007.5,0,0,0,0,0,NA,NA,NA,0.051,0,18.2,65,11.5,17.9,11.96,1.1893,0,NA,231,1,100,10
2026-08-20T06:30:00Z,10.9,11,10.9,30,-6,0,ESE,0,3.2,SSE,10.9,9.7,9.7,NA,1007.5,0,0,0,0,0,NA,NA,NA,0.051,0,18.2,65,11.5,17.9,11.96,1.1892,0,NA,234,1,100,10
2026-08-20T06:40:00Z,10.9,10.9,10.8,30,-6,1.6,E,0.27,3.2,ESE,10.9,9.6,9.6,NA,1007.5,0.25,0,0,0,0,NA,NA,NA,0.052,0,18.2,65,11.5,17.9,11.96,1.1893,0,NA,235,1,100,10
2026-08-20T06:50:00Z,10.9,10.9,10.8,30,-6,1.6,E,0.27,3.2,E,10.9,9.6,9.6,NA,1007.5,0,0,0,0,0,NA,NA,NA,0.052,0,18.1,65,11.4,17.9,11.96,1.1896,0,NA,233,1,100,10
2026-08-20T07:00:00Z,10.9,10.9,10.9,30,-6,1.6,E,0.27,3.2,E,10.9,9.6,9.6,NA,1007.5,0.25,0,0,0,0,NA,NA,NA,0.052,0,18.2,65,11.5,17.9,11.96,1.1892,0.03,NA,233,1,100,10
2026-08-20T07:10:00Z,10.8,10.9,10.8,30,-6.1,0,E,0,3.2,E,10.8,9.6,9.6,NA,1007.5,0,0,0,0,0,NA,NA,NA,0.052,0,18.1,65,11.4,17.9,11.96,1.1895,0,NA,234,1,100,10
2026-08-20T07:20:00Z,10.8,10.8,10.8,30,-6.1,0,E,0,3.2,E,10.8,9.6,9.6,NA,1007.4,0.25,0,0,0,0,NA,NA,NA,0.052,0,18.1,65,11.4,17.9,11.96,1.1893,0,NA,234,1,100,10
2026-08-20T07:30:00Z,10.7,10.8,10.7,30,-6.2,0,N,0,1.6,N,10.7,9.4,9.4,NA,1007.1,0.25,1.3,0,0,0,NA,NA,NA,0.053,0,18.1,65,11.4,17.8,11.96,1.1894,0,NA,231,1,100,10
2026-08-20T07:40:00Z,10.6,10.7,10.6,30,-6.3,0,E,0,1.6,E,10.6,9.4,9.4,NA,1007,0.25,2,0,0,0,NA,NA,NA,0.054,0,18.1,65,11.4,17.8,11.96,1.1892,0,NA,233,1,100,10
2026-08-20T07:50:00Z,10.5,10.6,10.5,30,-6.4,0,NE,0,1.6,E,10.5,9.3,9.3,NA,1006.6,0,1,0,0,0,NA,NA,NA,0.054,0,18.1,65,11.4,17.8,11.96,1.1887,0,NA,232,1,100,10
2026-08-20T08:00:00Z,10.4,10.5,10.4,30,-6.4,0,ENE,0,1.6,ENE,10.4,9.3,9.3,NA,1006.6,0,0,0,0,0,NA,NA,NA,0.055,0,18.1,65,11.4,17.8,11.96,1.1887,0.03,NA,234,1,100,10
2026-08-20T08:10:00Z,10.3,10.4,10.3,30,-6.5,0,S,0,3.2,SSE,10.3,9.2,9.2,NA,1006.4,0.25,0,0,0,0,NA,NA,NA,0.056,0,18.1,65,11.4,17.8,11.96,1.1885,0,NA,231,1,100,10
2026-08-20T08:20:00Z,10.3,10.3,10.3,30,-6.6,0,ESE,0,3.2,ESE,10.3,9.2,9.2,NA,1006.2,0,0,0,0,0,NA,NA,NA,0.056,0,18,65,11.3,17.8,11.96,1.1885,0,NA,234,1,100,10
2026-08-20T08:30:00Z,10.2,10.3,10.2,30,-6.7,1.6,OSO,0.27,4.8,OSO,10.2,9.1,9.1,NA,1006.1,0,0,0,0,0,NA,NA,NA,0.057,0,18,65,11.3,17.8,11.96,1.1885,0,NA,234,1,100,10
2026-08-20T08:40:00Z,10.2,10.2,10.2,30,-6.7,1.6,SSO,0.27,4.8,SO,10.2,9.1,9.1,NA,1006.1,0,0,0,0,0,NA,NA,NA,0.057,0,18,65,11.3,17.8,11.96,1.1885,0,NA,234,1,100,10
2026-08-20T08:50:00Z,10.2,10.2,10.1,30,-6.7,1.6,SO,0.27,3.2,OSO,10.2,9.1,9.1,NA,1006.1,0.25,0,0,0,0,NA,NA,NA,0.057,0,18,65,11.3,17.8,11.96,1.1885,0,NA,234,1,100,10
2026-08-20T09:00:00Z,10.1,10.2,10.1,30,-6.7,0,SSO,0,3.2,SSO,10.1,9.1,9.1,NA,1006.1,0.76,4.8,0,0,0,NA,NA,NA,0.057,0,18,65,11.3,17.8,11.96,1.1884,0.03,NA,233,1,100,10
2026-08-20T09:10:00Z,10.2,10.2,10.1,30,-6.7,1.6,SSO,0.27,3.2,SO,10.2,9.1,9.1,NA,1006,0.25,4.6,0,0,0,NA,NA,NA,0.057,0,17.9,65,11.3,17.7,11.96,1.1886,0,NA,233,1,100,10
2026-08-20T09:20:00Z,10.2,10.2,10.2,30,-6.6,0,SSO,0,3.2,O,10.2,9.1,9.1,NA,1006.1,0.25,1.8,0,0,0,NA,NA,NA,0.056,0,17.9,65,11.3,17.7,11.96,1.1887,0,NA,234,1,100,10
2026-08-20T09:30:00Z,10.2,10.3,10.2,30,-6.6,0,SO,0,3.2,O,10.2,9.1,9.1,NA,1006.2,0.25,2.3,0,0,0,NA,NA,NA,0.056,0,17.9,65,11.3,17.7,11.96,1.1888,0,NA,234,1,100,10
2026-08-20T09:40:00Z,10.3,10.3,10.2,30,-6.6,0,S,0,1.6,SO,10.3,9.2,9.2,NA,1006.4,0.51,3.6,0,0,0,NA,NA,NA,0.056,0,17.9,65,11.3,17.7,11.96,1.1891,0,NA,234,1,100,10
2026-08-20T09:50:00Z,10.3,10.3,10.3,30,-6.5,0,NNE,0,3.2,NNE,10.3,9.2,9.2,NA,1006.5,0.51,3.3,0,0,0,NA,NA,NA,0.056,0,17.9,65,11.3,17.7,11.96,1.1891,0,NA,234,1,100,10
2026-08-20T10:00:00Z,10.2,10.3,10.2,30,-6.7,1.6,ENE,0.27,4.8,NE,10.2,9.1,9.1,NA,1006.8,0.25,3,0,0,0,NA,NA,NA,0.057,0,18.3,66,11.8,18.1,12.15,1.1876,0.03,NA,233,1,100,10
2026-08-20T10:10:00Z,10,10.2,10,30,-6.8,1.6,E,0.27,6.4,E,10,8.9,8.9,NA,1006.8,0.25,1.8,0,0,0,NA,NA,NA,0.058,0,18.6,67,12.4,18.6,12.44,1.1857,0,NA,234,1,100,10
2026-08-20T10:20:00Z,9.9,10,9.9,30,-6.9,0,SE,0,3.2,ESE,9.9,8.8,8.8,NA,1007,0.25,1.5,0,0,0,NA,NA,NA,0.059,0,19.1,67,12.8,19.1,12.42,1.1836,0,NA,234,1,100,10
2026-08-20T10:30:00Z,9.8,9.9,9.8,30,-7,0,S,0,3.2,SSO,9.8,8.8,8.8,NA,1007,0.51,2.5,0,0,0,NA,NA,NA,0.059,0,19.4,66,12.9,19.4,12.15,1.1822,0,NA,233,1,100,10
2026-08-20T10:40:00Z,9.7,9.8,9.7,30,-7.1,1.6,SSO,0.27,3.2,SSO,9.7,8.7,8.7,NA,1007.1,0.25,2.3,0,0,0,NA,NA,NA,0.06,0,19.7,66,13.2,19.8,12.15,1.1805,0,NA,234,1,100,10
2026-08-20T10:50:00Z,9.6,9.7,9.6,30,-7.2,0,SSO,0,3.2,SO,9.6,8.5,8.5,NA,1007.4,0.51,3,0,0,0,NA,NA,NA,0.061,0,20,66,13.5,20.2,12.15,1.1794,0,NA,233,1,100,10
2026-08-20T11:00:00Z,9.4,9.6,9.4,30,-7.3,0,S,0,1.6,S,9.4,8.4,8.4,NA,1007.6,0.51,3.6,0,0,0,NA,NA,NA,0.062,0,20.3,65,13.5,20.3,11.88,1.1785,0.03,NA,232,1,100,10
2026-08-20T11:10:00Z,9.3,9.4,9.3,31,-7,0,S,0,3.2,S,9.3,8.3,8.3,NA,1007.6,0.51,3.6,0,0,0,NA,NA,NA,0.063,0,20.4,65,13.6,20.4,11.87,1.1776,0,NA,233,1,100,10
2026-08-20T11:20:00Z,9.3,9.3,9.3,31,-7,0,S,0,3.2,S,9.3,8.3,8.3,NA,1007.8,0.51,3.6,0,0,0,NA,NA,NA,0.063,0,20.6,65,13.7,20.5,11.87,1.1774,0,NA,234,1,100,10
2026-08-20T11:30:00Z,9.4,9.4,9.3,30,-7.3,0,E,0,3.2,S,9.4,8.4,8.4,NA,1008,0.51,3.3,4,0.06,5,NA,NA,NA,0.062,0,20.7,65,13.9,20.6,11.87,1.177,0,NA,232,1,100,10
2026-08-20T11:40:00Z,9.4,9.5,9.4,30,-7.3,0,NA,0,0,NA,9.4,8.4,8.4,NA,1008,0.51,4.3,7,0.1,9,NA,NA,NA,0.062,0,20.7,64,13.7,20.6,11.66,1.177,0,NA,234,1,100,10
2026-08-20T11:50:00Z,9.4,9.5,9.4,30,-7.3,0,NA,0,0,NA,9.4,8.4,8.4,NA,1008.1,0.51,4.1,11,0.16,12,NA,NA,NA,0.062,0,20.8,65,14,20.7,11.86,1.1763,0,NA,234,1,100,10
2026-08-20T12:00:00Z,9.5,9.5,9.4,30,-7.2,0,NA,0,0,NA,9.5,8.4,8.4,NA,1008.1,0.76,4.6,13,0.19,14,NA,NA,NA,0.061,0,20.9,65,14.1,20.8,11.86,1.1757,0.03,NA,234,1,100,10
2026-08-20T12:10:00Z,9.6,9.6,9.5,30,-7.2,0,SSE,0,1.6,SSE,9.6,8.5,8.5,NA,1008.2,0.25,4.8,20,0.29,26,NA,NA,NA,0.061,0,21,65,14.2,20.8,11.85,1.1755,0,NA,234,1,100,10
2026-08-20T12:20:00Z,9.6,9.6,9.6,30,-7.2,0,NA,0,0,NA,9.6,8.5,8.5,NA,1008.5,0,0,36,0.52,40,NA,NA,NA,0.061,0,21.1,65,14.3,20.9,11.85,1.1753,0,NA,235,1,100,10
2026-08-20T12:30:00Z,9.6,9.6,9.6,30,-7.2,0,ESE,0,3.2,ESE,9.6,8.5,8.5,NA,1008.5,0,0,46,0.66,58,NA,NA,NA,0.061,0,21.2,65,14.4,21.1,11.85,1.1747,0,NA,232,1,100,10
2026-08-20T12:40:00Z,9.6,9.6,9.6,30,-7.2,0,ENE,0,1.6,NE,9.6,8.5,8.5,NA,1008.6,0,0,63,0.9,69,NA,NA,NA,0.061,0,21.3,65,14.4,21.2,11.85,1.1746,0,NA,232,1,100,10
2026-08-20T12:50:00Z,9.7,9.7,9.6,30,-7.1,0,NA,0,0,NA,9.7,8.6,8.6,NA,1008.6,0,0,67,0.96,70,NA,NA,NA,0.06,0,21.4,65,14.5,21.3,11.85,1.174,0,NA,234,1,100,10
2026-08-20T13:00:00Z,9.7,9.7,9.7,30,-7.1,0,NA,0,0,NA,9.7,8.7,8.7,NA,1008.6,0,0,74,1.06,93,NA,NA,NA,0.06,0,21.4,65,14.6,21.3,11.85,1.1738,0.03,NA,234,1,100,10
2026-08-20T13:10:00Z,9.8,9.8,9.7,30,-7,0,NA,0,0,NA,9.8,8.7,8.7,NA,1008.5,0,0,111,1.59,118,NA,NA,NA,0.059,0,21.6,65,14.7,21.5,11.85,1.173,0,NA,234,1,100,10
2026-08-20T13:20:00Z,9.8,9.8,9.7,30,-7,0,NA,0,0,NA,9.8,8.7,8.7,NA,1008.6,0,0,125,1.79,134,NA,NA,NA,0.059,0,21.7,65,14.8,21.6,11.85,1.1726,0,NA,235,1,100,10
2026-08-20T13:30:00Z,9.9,9.9,9.8,30,-6.9,0,NA,0,0,NA,9.9,8.8,8.8,NA,1008.5,0,0,143,2.05,153,NA,NA,NA,0.059,0,21.7,65,14.9,21.7,11.85,1.1721,0,NA,234,1,100,10
2026-08-20T13:40:00Z,9.8,9.9,9.8,31,-6.6,0,ENE,0,4.8,ENE,9.8,8.7,8.7,NA,1008.6,0,0,169,2.42,181,NA,NA,NA,0.059,0,21.8,65,15,21.8,11.85,1.1717,0,NA,233,1,100,10
2026-08-20T13:50:00Z,10.1,10.1,9.8,31,-6.3,1.6,E,0.27,4.8,E,10.1,9.1,9.1,NA,1008.6,0,0,219,3.14,260,NA,NA,NA,0.057,0,21.8,64,14.7,21.8,11.65,1.172,0,NA,233,1,100,10
2026-08-20T14:00:00Z,10.3,10.3,10.1,30,-6.5,3.2,ENE,0.54,6.4,ENE,10.3,9.2,9.2,NA,1008.5,0,0,325,4.66,396,NA,NA,NA,0.056,0,21.8,63,14.4,21.7,11.53,1.1725,0.1,NA,233,1,100,10
2026-08-20T14:10:00Z,10.5,10.5,10.3,30,-6.4,3.2,ENE,0.54,9.7,ESE,10.5,9.3,9.3,NA,1008.6,0,0,257,3.68,343,NA,NA,NA,0.054,0,21.8,64,14.7,21.8,11.65,1.172,0,NA,232,1,100,10
2026-08-20T14:20:00Z,10.3,10.5,10.3,31,-6.1,3.2,E,0.54,6.4,E,10.3,9.2,9.2,NA,1008.6,0,0,283,4.06,318,NA,NA,NA,0.056,0,21.9,64,14.8,21.9,11.65,1.1717,0,NA,232,1,100,10
2026-08-20T14:30:00Z,10.6,10.6,10.4,30,-6.3,3.2,ENE,0.54,4.8,E,10.6,9.4,9.4,NA,1008.4,0,0,285,4.09,373,NA,NA,NA,0.054,0,22,64,14.9,22.1,11.65,1.1709,0,NA,234,1,100,10
2026-08-20T14:40:00Z,10.8,10.8,10.4,30,-6.1,3.2,E,0.54,8,NE,10.8,9.6,9.6,NA,1008.3,0,0,524,7.51,605,NA,NA,NA,0.052,0,22.1,65,15.2,22.2,11.85,1.1702,0,NA,234,1,100,10
2026-08-20T14:50:00Z,11.1,11.1,10.8,31,-5.5,4.8,E,0.8,11.3,ENE,11,9.8,9.7,NA,1008.3,0,0,471,6.75,571,NA,NA,NA,0.051,0,22.2,64,15.1,22.3,11.65,1.1696,0,NA,234,1,100,10
2026-08-20T15:00:00Z,11.1,11.2,11.1,30,-5.8,6.4,E,1.07,12.9,ESE,10.7,9.8,9.3,NA,1008,0,0,623,8.93,710,NA,NA,NA,0.05,0,22.3,63,14.9,22.4,11.51,1.169,0.25,NA,233,1,100,10
2026-08-20T15:10:00Z,11.7,11.7,11.2,30,-5.3,4.8,E,0.8,11.3,E,11.7,10.3,10.3,NA,1008,0,0,680,9.75,780,NA,NA,NA,0.046,0,22.4,64,15.2,22.6,11.65,1.1684,0,NA,232,1,100,10
2026-08-20T15:20:00Z,11.6,11.8,11.6,30,-5.4,6.4,E,1.07,16.1,ENE,11.2,10.2,9.8,NA,1007.9,0,0,430,6.16,628,NA,NA,NA,0.047,0,22.4,64,15.3,22.7,11.65,1.168,0,NA,234,1,100,10
2026-08-20T15:30:00Z,12.1,12.1,11.6,30,-5,4.8,E,0.8,14.5,ENE,12.1,10.6,10.6,NA,1007.8,0,0,464,6.65,664,NA,NA,NA,0.044,0,22.6,64,15.4,22.8,11.65,1.1673,0,NA,234,1,100,10
2026-08-20T15:40:00Z,12.7,12.7,12.1,30,-4.4,3.2,E,0.54,9.7,ESE,12.7,11.1,11.1,NA,1007.5,0,0,414,5.93,473,NA,NA,NA,0.039,0,22.6,64,15.5,22.9,11.65,1.1666,0,NA,234,1,100,10
2026-08-20T15:50:00Z,13.2,13.2,12.7,30,-4.1,4.8,E,0.8,16.1,ESE,13.2,11.5,11.5,NA,1007.4,0,0,426,6.11,478,NA,NA,NA,0.036,0,22.7,63,15.3,22.9,11.49,1.1665,0,NA,230,1,100,10
2026-08-20T16:00:00Z,13.8,13.8,13.2,29,-4,3.2,E,0.54,9.7,ESE,13.8,11.9,11.9,NA,1007.4,0,0,404,5.79,425,NA,NA,NA,0.032,0,22.7,63,15.3,23,11.49,1.1663,0.25,NA,234,1,100,10
2026-08-20T16:10:00Z,14.4,14.4,13.8,29,-3.4,1.6,ESE,0.27,12.9,E,14.4,12.6,12.6,NA,1007.2,0,0,410,5.88,462,NA,NA,NA,0.027,0,22.7,63,15.3,23,11.49,1.1661,0,NA,233,1,100,10
2026-08-20T16:20:00Z,15,15,14.4,28,-3.4,3.2,ENE,0.54,9.7,ESE,15,12.9,12.9,NA,1007.2,0,0,469,6.72,499,NA,NA,NA,0.023,0,22.7,62,15,22.9,11.29,1.1666,0,NA,234,1,100,10
2026-08-20T16:30:00Z,15.6,15.6,15,26,-3.9,3.2,ENE,0.54,9.7,E,15.6,13.3,13.3,NA,1006.8,0,0,481,6.9,564,NA,NA,NA,0.019,0,22.5,63,15.1,22.7,11.5,1.1667,0,NA,234,1,100,10
2026-08-20T16:40:00Z,16.2,16.2,15.6,23,-5,3.2,ENE,0.54,8,ENE,16.2,13.7,13.7,NA,1006.8,0,0,510,7.31,582,NA,NA,NA,0.015,0,22.4,63,15,22.6,11.5,1.1673,0,NA,235,1,100,10
2026-08-20T16:50:00Z,15,16.2,14.7,45,3.2,3.2,E,0.54,9.7,ESE,15,13.7,13.7,NA,1006.6,0,0,333,4.77,380,NA,NA,NA,0.023,0,22.3,63,14.9,22.4,11.51,1.1677,0,NA,233,1,100,10
2026-08-20T17:00:00Z,15.6,15.8,15,64,8.8,4.8,ENE,0.8,14.5,ENE,15.6,15.1,15.1,NA,1006.5,0,0,288,4.13,301,NA,NA,NA,0.019,0,22.2,63,14.8,22.2,11.51,1.1681,0.2,NA,234,1,100,10
2026-08-20T17:10:00Z,15.6,15.6,15.5,64,8.8,3.2,E,0.54,8,ENE,15.6,15,15,NA,1006.2,0,0,294,4.21,308,NA,NA,NA,0.019,0,21.9,62,14.3,21.8,11.32,1.1695,0,NA,232,1,100,10
2026-08-20T17:20:00Z,15.8,15.8,15.6,64,9,3.2,E,0.54,12.9,E,15.8,15.3,15.3,NA,1006.2,0,0,340,4.87,380,NA,NA,NA,0.018,0,21.5,62,13.9,21.3,11.34,1.1714,0,NA,234,1,100,10
2026-08-20T17:30:00Z,16.1,16.1,15.8,64,9.3,4.8,E,0.8,16.1,E,16.1,15.6,15.6,NA,1006.2,0,0,410,5.88,487,NA,NA,NA,0.015,0,21.3,62,13.7,21,11.34,1.1726,0,NA,234,1,100,10
2026-08-20T17:40:00Z,16.6,16.6,16.1,63,9.5,6.4,E,1.07,14.5,E,16.6,16.1,16.1,NA,1006.2,0,0,549,7.87,613,NA,NA,NA,0.012,0,21,62,13.4,20.7,11.35,1.174,0,NA,234,1,100,10
2026-08-20T17:50:00Z,16.9,16.9,16.6,62,9.6,6.4,E,1.07,17.7,E,16.9,16.3,16.3,NA,1006.1,0.25,0,565,8.1,599,NA,NA,NA,0.01,0,20.8,62,13.3,20.6,11.36,1.1747,0,NA,235,1,100,10
2026-08-20T18:00:00Z,17.6,17.6,16.9,61,10,4.8,E,0.8,14.5,E,17.6,17.1,17.1,NA,1006,0,0,631,9.05,654,NA,NA,NA,0.005,0,20.7,62,13.2,20.4,11.36,1.1752,0.25,NA,234,1,100,10
2026-08-20T18:10:00Z,18.2,18.2,17.7,59,10,3.2,E,0.54,14.5,E,18.2,17.7,17.7,NA,1005.9,0,0,584,8.37,610,NA,NA,NA,0.001,0,20.6,62,13,20.3,11.37,1.176,0,NA,233,1,100,10
2026-08-20T18:20:00Z,18.2,18.3,18.2,58,9.8,4.8,E,0.8,16.1,E,18.2,17.7,17.7,NA,1005.9,0,0,540,7.74,557,NA,NA,NA,0.001,0,20.5,61,12.7,20.2,11.25,1.1765,0,NA,233,1,100,10
2026-08-20T18:30:00Z,18.1,18.2,18.1,58,9.7,8,E,1.34,20.9,ENE,18.1,17.6,17.6,NA,1005.8,0,0,535,7.67,557,NA,NA,NA,0.002,0,20.4,61,12.7,20.2,11.25,1.1767,0,NA,233,1,100,10
2026-08-20T18:40:00Z,18,18.1,18,56,9.1,8,E,1.34,17.7,E,18,17.3,17.3,NA,1005.8,0,0,442,6.34,476,NA,NA,NA,0.002,0,20.4,61,12.6,20.2,11.25,1.177,0,NA,232,1,100,10
2026-08-20T18:50:00Z,18.4,18.4,18,56,9.4,4.8,ENE,0.8,14.5,E,18.4,17.8,17.8,NA,1005.6,0,0,492,7.05,519,NA,NA,NA,0,0,20.3,60,12.3,20.1,11.05,1.1773,0,NA,234,1,100,10
2026-08-20T19:00:00Z,18.6,18.6,18.4,54,9.1,4.8,ENE,0.8,14.5,ENE,18.6,17.9,17.9,NA,1005.6,0,0,497,7.12,503,NA,NA,NA,0,0.002,20.3,60,12.3,20.1,11.05,1.1776,0.36,NA,232,1,100,10
2026-08-20T19:10:00Z,19.1,19.1,18.6,53,9.3,4.8,ENE,0.8,16.1,NE,19.1,18.4,18.4,NA,1005.5,0,0,498,7.14,503,NA,NA,NA,0,0.005,20.2,60,12.2,20,11.05,1.1777,0,NA,233,1,100,10
2026-08-20T19:20:00Z,19.1,19.1,19.1,49,8.1,4.8,E,0.8,14.5,ENE,19.1,18.2,18.2,NA,1005.5,0,0,514,7.37,529,NA,NA,NA,0,0.005,20.2,60,12.2,19.9,11.05,1.1781,0,NA,233,1,100,10
2026-08-20T19:30:00Z,19.1,19.3,19.1,51,8.7,6.4,E,1.07,16.1,E,19.1,18.3,18.3,NA,1005.4,0,0,489,7.01,520,NA,NA,NA,0,0.005,20.1,60,12.1,19.9,11.05,1.1782,0,NA,232,1,100,10
2026-08-20T19:40:00Z,19.2,19.2,19.1,53,9.4,4.8,ENE,0.8,12.9,ESE,19.2,18.6,18.6,NA,1005.5,0,0,406,5.82,441,NA,NA,NA,0,0.006,20.1,60,12,19.9,11.05,1.1786,0,NA,233,1,100,10
2026-08-20T19:50:00Z,19.2,19.3,19.2,51,8.8,4.8,E,0.8,14.5,ESE,19.2,18.4,18.4,NA,1005.5,0,0,349,5,373,NA,NA,NA,0,0.006,20,59,11.7,19.8,10.95,1.1791,0,NA,233,1,100,10
2026-08-20T20:00:00Z,19.2,19.2,19.2,51,8.8,4.8,E,0.8,12.9,E,19.2,18.4,18.4,NA,1005.4,0,0,303,4.34,339,NA,NA,NA,0,0.006,19.9,59,11.7,19.7,10.95,1.1793,0.3,NA,234,1,100,10
2026-08-20T20:10:00Z,19.2,19.3,19.1,51,8.8,4.8,E,0.8,12.9,E,19.2,18.4,18.4,NA,1005.4,0,0,282,4.04,297,NA,NA,NA,0,0.006,19.9,59,11.7,19.7,10.95,1.1793,0,NA,234,1,100,10
2026-08-20T20:20:00Z,19.1,19.2,19.1,50,8.4,4.8,ENE,0.8,11.3,E,19.1,18.3,18.3,NA,1005.4,0,0,244,3.5,262,NA,NA,NA,0,0.005,19.9,59,11.6,19.7,10.95,1.1796,0,NA,233,1,100,10
2026-08-20T20:30:00Z,18.9,19.1,18.9,50,8.2,6.4,ENE,1.07,14.5,NE,18.9,18,18,NA,1005.5,0,0,211,3.02,223,NA,NA,NA,0,0.004,19.9,59,11.6,19.7,10.95,1.1797,0,NA,233,1,100,10
2026-08-20T20:40:00Z,18.7,18.9,18.7,50,8,4.8,ENE,0.8,11.3,E,18.7,17.8,17.8,NA,1005.5,0,0,177,2.54,193,NA,NA,NA,0,0.002,19.8,58,11.3,19.6,10.75,1.1802,0,NA,233,1,100,10
2026-08-20T20:50:00Z,18.6,18.7,18.6,50,7.9,4.8,E,0.8,11.3,ENE,18.6,17.6,17.6,NA,1005.5,0,0,144,2.06,160,NA,NA,NA,0,0.002,19.8,58,11.3,19.4,10.75,1.1805,0,NA,233,1,100,10
2026-08-20T21:00:00Z,18.3,18.6,18.3,52,8.3,4.8,E,0.8,8,E,18.3,17.5,17.5,NA,1005.3,0,0,110,1.58,128,NA,NA,NA,0,0,19.8,58,11.3,19.4,10.75,1.1802,0.18,NA,234,1,100,10
2026-08-20T21:10:00Z,17.8,18.3,17.8,54,8.4,4.8,ENE,0.8,11.3,E,17.8,17.1,17.1,NA,1005.4,0,0,45,0.65,90,NA,NA,NA,0.003,0,19.7,57,11,19.3,10.6,1.181,0,NA,234,1,100,10
2026-08-20T21:20:00Z,17.3,17.8,17.3,55,8.1,3.2,ENE,0.54,6.4,ENE,17.3,16.5,16.5,NA,1005.3,0,0,19,0.27,21,NA,NA,NA,0.007,0,19.7,57,11,19.3,10.6,1.1808,0,NA,233,1,100,10
2026-08-20T21:30:00Z,17,17.2,17,57,8.4,1.6,ENE,0.27,4.8,ENE,17,16.3,16.3,NA,1005.4,0,0,17,0.24,25,NA,NA,NA,0.009,0,19.7,57,10.9,19.3,10.6,1.1812,0,NA,233,1,100,10
2026-08-20T21:40:00Z,16.6,17,16.6,58,8.3,1.6,NE,0.27,6.4,NE,16.6,15.9,15.9,NA,1005.3,0,0,7,0.1,9,NA,NA,NA,0.012,0,19.7,57,10.9,19.3,10.6,1.1811,0,NA,233,1,100,10
2026-08-20T21:50:00Z,16.3,16.6,16.3,60,8.5,1.6,NE,0.27,6.4,NE,16.3,15.6,15.6,NA,1005.5,0,0,0,0,5,NA,NA,NA,0.014,0,19.7,57,10.9,19.3,10.6,1.1814,0,NA,232,1,100,10
2026-08-20T22:00:00Z,15.9,16.3,15.9,62,8.7,0,SE,0,3.2,SSO,15.9,15.3,15.3,NA,1005.4,0,0,0,0,0,NA,NA,NA,0.017,0,19.6,58,11.1,19.3,10.75,1.1812,0.03,NA,233,1,100,10
2026-08-20T22:10:00Z,15.6,15.9,15.6,63,8.5,0,SE,0,1.6,S,15.6,14.9,14.9,NA,1005.4,0,0,0,0,0,NA,NA,NA,0.019,0,19.6,58,11.1,19.3,10.75,1.1812,0,NA,235,1,100,10
2026-08-20T22:20:00Z,15.2,15.6,15.2,64,8.5,0,ENE,0,1.6,SE,15.2,14.7,14.7,NA,1005.5,0,0,0,0,0,NA,NA,NA,0.022,0,19.6,58,11.1,19.3,10.75,1.1814,0,NA,232,1,100,10
2026-08-20T22:30:00Z,15,15.2,15,64,8.2,0,ENE,0,1.6,ENE,15,14.4,14.4,NA,1005.8,0,0,0,0,0,NA,NA,NA,0.023,0,19.6,58,11.1,19.2,10.75,1.182,0,NA,233,1,100,10
2026-08-20T22:40:00Z,15,15,14.9,64,8.2,0,NNE,0,1.6,E,15,14.4,14.4,NA,1006,0,0,0,0,0,NA,NA,NA,0.023,0,19.6,59,11.3,19.3,10.95,1.1819,0,NA,233,1,100,10
2026-08-20T22:50:00Z,14.8,14.9,14.8,64,8,0,NNE,0,3.2,NNE,14.8,14.2,14.2,NA,1006.1,0,0,0,0,0,NA,NA,NA,0.025,0,19.5,59,11.3,19.2,10.95,1.1823,0,NA,234,1,100,10
2026-08-20T23:00:00Z,14.8,14.8,14.8,64,8.1,0,NE,0,4.8,NE,14.8,14.2,14.2,NA,1006,0,0,0,0,0,NA,NA,NA,0.024,0,19.5,59,11.3,19.2,10.95,1.1823,0.03,NA,233,1,100,10
2026-08-20T23:10:00Z,15,15,14.8,64,8.2,1.6,NE,0.27,4.8,ENE,15,14.4,14.4,NA,1006.1,0,0,0,0,0,NA,NA,NA,0.023,0,19.5,59,11.3,19.2,10.95,1.1824,0,NA,233,1,100,10
2026-08-20T23:20:00Z,15,15,15,65,8.5,1.6,NE,0.27,3.2,N,15,14.4,14.4,NA,1006.2,0,0,0,0,0,NA,NA,NA,0.023,0,19.4,59,11.2,19.1,10.95,1.1828,0,NA,235,1,100,10
2026-08-20T23:30:00Z,15,15,15,65,8.5,1.6,NE,0.27,3.2,NE,15,14.4,14.4,NA,1006.4,0,0,0,0,0,NA,NA,NA,0.023,0,19.4,59,11.2,19.1,10.95,1.183,0,NA,232,1,100,10
2026-08-20T23:40:00Z,14.9,15,14.9,64,8.2,1.6,NE,0.27,4.8,NE,14.9,14.3,14.3,NA,1006.5,0,0,0,0,0,NA,NA,NA,0.024,0,19.4,59,11.2,19.1,10.95,1.1831,0,NA,232,1,100,10
2026-08-20T23:50:00Z,15,15,14.9,64,8.2,1.6,NE,0.27,6.4,NE,15,14.4,14.4,NA,1006.7,0,0,0,0,0,NA,NA,NA,0.023,0,19.4,59,11.2,19.1,10.95,1.1833,0,NA,234,1,100,10
2026-08-21T00:00:00Z,15,15,15,65,8.5,1.6,NE,0.27,4.8,NE,15,14.4,14.4,NA,1006.9,0,0,0,0,0,NA,NA,NA,0.023,0,19.4,59,11.2,19.1,10.95,1.1839,0.03,NA,234,1,100,10
2026-08-21T00:10:00Z,15,15,15,65,8.5,3.2,ENE,0.54,8,ENE,15,14.4,14.4,NA,1006.9,0,0,0,0,0,NA,NA,NA,0.023,0,19.4,59,11.2,19.1,10.95,1.1839,0,NA,234,1,100,10
2026-08-21T00:20:00Z,15.2,15.2,15,65,8.6,4.8,ENE,0.8,12.9,E,15.2,14.6,14.6,NA,1007,0,0,0,0,0,NA,NA,NA,0.022,0,19.3,59,11.1,19,10.95,1.1843,0,NA,234,1,100,10
2026-08-21T00:30:00Z,15.1,15.2,15.1,65,8.6,3.2,ENE,0.54,8,ENE,15.1,14.6,14.6,NA,1007,0,0,0,0,0,NA,NA,NA,0.022,0,19.3,58,10.9,18.9,10.75,1.1846,0,NA,235,1,100,10
2026-08-21T00:40:00Z,15,15.1,15,65,8.5,3.2,ENE,0.54,9.7,E,15,14.4,14.4,NA,1007.2,0,0,0,0,0,NA,NA,NA,0.023,0,19.3,58,10.8,18.9,10.75,1.1851,0,NA,233,1,100,10
2026-08-21T00:50:00Z,15,15,15,65,8.5,4.8,ENE,0.8,11.3,E,15,14.4,14.4,NA,1007.2,0,0,0,0,0,NA,NA,NA,0.023,0,19.3,58,10.8,18.9,10.75,1.1851,0,NA,233,1,100,10
2026-08-21T01:00:00Z,14.6,15,14.6,64,7.9,3.2,ENE,0.54,9.7,ESE,14.6,14,14,NA,1007.5,0,0,0,0,0,NA,NA,NA,0.026,0,19.3,58,10.8,18.9,10.75,1.1854,0.05,NA,234,1,100,10
2026-08-21T01:10:00Z,14.2,14.6,14.2,63,7.3,3.2,ENE,0.54,9.7,E,14.2,13.6,13.6,NA,1007.5,0,0,0,0,0,NA,NA,NA,0.029,0,19.2,59,11,18.8,10.95,1.1854,0,NA,233,1,100,10
2026-08-21T01:20:00Z,14.2,14.2,14.2,62,7,3.2,E,0.54,6.4,E,14.2,13.5,13.5,NA,1007.6,0,0,0,0,0,NA,NA,NA,0.029,0,19.3,59,11.1,18.9,10.95,1.1853,0,NA,233,1,100,10
2026-08-21T01:30:00Z,13.9,14.2,13.9,61,6.5,1.6,ENE,0.27,4.8,ENE,13.9,13.2,13.2,NA,1007.6,0,0,0,0,0,NA,NA,NA,0.031,0,19.2,59,11,18.8,10.95,1.1856,0,NA,234,1,100,10
2026-08-21T01:40:00Z,13.6,13.9,13.6,59,5.7,1.6,ENE,0.27,6.4,ENE,13.6,12.8,12.8,NA,1007.7,0,0,0,0,0,NA,NA,NA,0.033,0,19.2,59,11,18.8,10.95,1.1857,0,NA,234,1,100,10
2026-08-21T01:50:00Z,13.3,13.6,13.3,57,5,1.6,ENE,0.27,4.8,ENE,13.3,12.5,12.5,NA,1007.7,0,0,0,0,0,NA,NA,NA,0.035,0,19.2,59,11,18.8,10.95,1.1857,0,NA,233,1,100,10
2026-08-21T02:00:00Z,13,13.3,13,55,4.2,0,ENE,0,1.6,ENE,13,12.2,12.2,NA,1007.8,0,0,0,0,0,NA,NA,NA,0.037,0,19.2,60,11.3,18.9,11.05,1.1856,0.03,NA,232,1,100,10
2026-08-21T02:10:00Z,12.7,13,12.7,52,3.1,0,ENE,0,1.6,ENE,12.7,11.7,11.7,NA,1007.9,0,0,0,0,0,NA,NA,NA,0.039,0,19.2,60,11.3,18.9,11.05,1.1856,0,NA,232,1,100,10
2026-08-21T02:20:00Z,12.2,12.6,12.2,49,1.8,0,ENE,0,1.6,ENE,12.2,11.2,11.2,NA,1008,0,0,0,0,0,NA,NA,NA,0.042,0,19.2,60,11.3,18.9,11.05,1.1857,0,NA,234,1,100,10
2026-08-21T02:30:00Z,11.8,12.2,11.8,46,0.5,0,NA,0,0,NA,11.8,10.8,10.8,NA,1008,0,0,0,0,0,NA,NA,NA,0.046,0,19.2,60,11.2,18.8,11.05,1.186,0,NA,234,1,100,10
2026-08-21T02:40:00Z,11.4,11.8,11.4,42,-1.1,0,NA,0,0,NA,11.4,10.3,10.3,NA,1008,0,0,0,0,0,NA,NA,NA,0.048,0,19.2,60,11.2,18.8,11.05,1.186,0,NA,234,1,100,10
2026-08-21T02:50:00Z,11.1,11.4,11.1,38,-2.7,0,NA,0,0,NA,11.1,9.9,9.9,NA,1008.1,0,0,0,0,0,NA,NA,NA,0.051,0,19.1,60,11.2,18.8,11.05,1.1864,0,NA,233,1,100,10
2026-08-21T03:00:00Z,10.8,11.1,10.8,34,-4.4,0,ENE,0,1.6,ENE,10.8,9.7,9.7,NA,1008.3,0,0,0,0,0,NA,NA,NA,0.052,0,19.1,60,11.2,18.8,11.05,1.1867,0.03,NA,234,1,100,10
2026-08-21T03:10:00Z,10.7,10.8,10.7,30,-6.2,0,ENE,0,1.6,ENE,10.7,9.5,9.5,NA,1008.3,0,0,0,0,0,NA,NA,NA,0.053,0,19.1,60,11.2,18.8,11.05,1.1866,0,NA,233,1,100,10
2026-08-21T03:20:00Z,10.8,10.8,10.7,31,-5.7,0,ENE,0,3.2,E,10.8,9.6,9.6,NA,1008.3,0,0,0,0,0,NA,NA,NA,0.052,0,19.1,60,11.2,18.8,11.05,1.1867,0,NA,234,1,100,10
2026-08-21T03:30:00Z,11.4,11.4,10.8,36,-3.2,0,S,0,3.2,S,11.4,10.2,10.2,NA,1008.6,0,0,0,0,0,NA,NA,NA,0.048,0,19.1,60,11.2,18.8,11.05,1.1871,0,NA,234,1,100,10
2026-08-21T03:40:00Z,12.5,12.5,11.4,49,2.1,1.6,SO,0.27,4.8,SO,12.5,11.5,11.5,NA,1008.5,0,0,0,0,0,NA,NA,NA,0.041,0,19.1,60,11.1,18.7,11.05,1.1872,0,NA,234,1,100,10
2026-08-21T03:50:00Z,12.9,12.9,12.6,59,5.1,3.2,SO,0.54,4.8,SO,12.9,12.2,12.2,NA,1008.7,0,0,0,0,0,NA,NA,NA,0.038,0,19.1,60,11.1,18.7,11.05,1.1874,0,NA,233,1,100,10
2026-08-21T04:00:00Z,13,13,12.9,62,5.9,3.2,OSO,0.54,8,OSO,13,12.3,12.3,NA,1008.5,0,0,0,0,0,NA,NA,NA,0.037,0,19.1,59,10.9,18.7,10.95,1.1875,0.03,NA,233,1,100,10
2026-08-21T04:10:00Z,13.2,13.2,13,64,6.5,3.2,OSO,0.54,6.4,SO,13.2,12.6,12.6,NA,1008.8,0,0,0,0,0,NA,NA,NA,0.036,0,19.1,59,10.9,18.7,10.95,1.1878,0,NA,234,1,100,10
2026-08-21T04:20:00Z,13.1,13.2,13.1,65,6.6,1.6,SSO,0.27,6.4,SO,13.1,12.5,12.5,NA,1008.8,0,0,0,0,0,NA,NA,NA,0.037,0,19,59,10.8,18.6,10.95,1.1881,0,NA,233,1,100,10
2026-08-21T04:30:00Z,12.9,13.1,12.9,65,6.5,3.2,OSO,0.54,6.4,SSE,12.9,12.4,12.4,NA,1008.9,0,0,0,0,0,NA,NA,NA,0.037,0,19,59,10.8,18.6,10.95,1.1883,0,NA,233,1,100,10
2026-08-21T04:40:00Z,12.8,12.9,12.8,65,6.4,1.6,SSO,0.27,4.8,SO,12.8,12.2,12.2,NA,1008.9,0,0,0,0,0,NA,NA,NA,0.039,0,19,58,10.5,18.6,10.75,1.1885,0,NA,232,1,100,10
2026-08-21T04:50:00Z,12.6,12.8,12.6,64,5.9,0,S,0,3.2,SO,12.6,11.9,11.9,NA,1009.1,0,0,0,0,0,NA,NA,NA,0.04,0,18.9,58,10.5,18.5,10.75,1.189,0,NA,233,1,100,10
2026-08-21T05:00:00Z,12.4,12.6,12.4,64,5.8,1.6,SSO,0.27,3.2,ONO,12.4,11.8,11.8,NA,1009.4,0,0,0,0,0,NA,NA,NA,0.041,0,19,58,10.5,18.6,10.75,1.189,0.03,NA,233,1,100,10
2026-08-21T05:10:00Z,12.3,12.4,12.3,63,5.5,1.6,SO,0.27,6.4,SSE,12.3,11.7,11.7,NA,1009.6,0,0,0,0,0,NA,NA,NA,0.042,0,18.9,58,10.5,18.5,10.75,1.1896,0,NA,234,1,100,10
2026-08-21T05:20:00Z,12.2,12.3,12.2,62,5.1,1.6,SSO,0.27,6.4,SSE,12.2,11.6,11.6,NA,1009.7,0,0,0,0,0,NA,NA,NA,0.043,0,18.9,58,10.5,18.5,10.75,1.1897,0,NA,234,1,100,10
2026-08-21T05:30:00Z,12.2,12.2,12.2,60,4.7,3.2,SO,0.54,12.9,OSO,12.2,11.6,11.6,NA,1009.9,0,0,0,0,0,NA,NA,NA,0.042,0,18.9,58,10.5,18.5,10.75,1.1899,0,NA,234,1,100,10
2026-08-21T05:40:00Z,12.2,12.2,12.2,59,4.4,4.8,SO,0.8,12.9,O,12.2,11.6,11.6,NA,1009.9,0,0,0,0,0,NA,NA,NA,0.042,0,18.8,58,10.4,18.3,10.75,1.1905,0,NA,232,1,100,10
2026-08-21T05:50:00Z,12.1,12.2,12.1,58,4.1,6.4,SO,1.07,12.9,O,11.8,11.4,11.1,NA,1009.9,0,0,0,0,0,NA,NA,NA,0.043,0,18.8,58,10.4,18.3,10.75,1.1905,0,NA,235,1,100,10
2026-08-21T06:00:00Z,11.8,12.1,11.8,55,3.1,6.4,OSO,1.07,16.1,SO,11.5,11.1,10.7,NA,1009.9,0,0,0,0,0,NA,NA,NA,0.045,0,18.8,58,10.3,18.3,10.75,1.1907,0.03,NA,233,1,100,10
2026-08-21T06:10:00Z,11.6,11.8,11.6,53,2.3,4.8,SO,0.8,16.1,OSO,11.6,10.8,10.8,NA,1010.1,0,0,0,0,0,NA,NA,NA,0.047,0,18.8,58,10.3,18.3,10.75,1.191,0,NA,233,1,100,10
2026-08-21T06:20:00Z,11.4,11.6,11.4,49,1,4.8,OSO,0.8,14.5,O,11.4,10.5,10.5,NA,1010.1,0,0,0,0,0,NA,NA,NA,0.048,0,18.7,58,10.3,18.2,10.75,1.1913,0,NA,234,1,100,10
2026-08-21T06:30:00Z,11.2,11.4,11.2,46,0,4.8,OSO,0.8,14.5,OSO,11.2,10.3,10.2,NA,1010.1,0,0,0,0,0,NA,NA,NA,0.049,0,18.7,58,10.3,18.2,10.75,1.1913,0,NA,234,1,100,10
2026-08-21T06:40:00Z,11.2,11.2,11.2,43,-1,6.4,OSO,1.07,14.5,O,10.7,10.2,9.7,NA,1010.1,0,0,0,0,0,NA,NA,NA,0.05,0,18.7,58,10.2,18.2,10.75,1.1916,0,NA,233,1,100,10
2026-08-21T06:50:00Z,10.9,11.2,10.9,39,-2.5,4.8,OSO,0.8,12.9,OSO,10.9,9.9,9.8,NA,1010,0,0,0,0,0,NA,NA,NA,0.051,0,18.7,58,10.2,18.2,10.75,1.1915,0,NA,231,1,100,10
2026-08-21T07:00:00Z,10.8,10.9,10.8,36,-3.7,6.4,OSO,1.07,14.5,OSO,10.3,9.7,9.2,NA,1009.8,0,0,0,0,0,NA,NA,NA,0.052,0,18.6,58,10.2,18.1,10.75,1.1915,0.05,NA,235,1,100,10
2026-08-21T07:10:00Z,10.6,10.8,10.6,34,-4.6,6.4,OSO,1.07,19.3,OSO,10.1,9.5,8.9,NA,1010.1,0,0,0,0,0,NA,NA,NA,0.054,0,18.6,58,10.2,18.1,10.75,1.1919,0,NA,232,1,100,10
2026-08-21T07:20:00Z,10.4,10.6,10.4,32,-5.6,6.4,OSO,1.07,17.7,OSO,9.8,9.3,8.7,NA,1010.4,0,0,0,0,0,NA,NA,NA,0.055,0,18.6,58,10.2,18.1,10.75,1.1922,0,NA,232,1,100,10
2026-08-21T07:30:00Z,10.1,10.4,10.1,31,-6.3,4.8,OSO,0.8,12.9,OSO,9.9,9.1,8.9,NA,1010.2,0,0,0,0,0,NA,NA,NA,0.057,0,18.6,58,10.2,18.1,10.75,1.1919,0,NA,234,1,100,10
2026-08-21T07:40:00Z,9.8,10.1,9.8,28,-7.9,4.8,OSO,0.8,11.3,O,9.6,8.7,8.4,NA,1010.2,0,0,0,0,0,NA,NA,NA,0.059,0,18.6,58,10.2,18.1,10.75,1.192,0,NA,230,1,100,10
2026-08-21T07:50:00Z,9.6,9.8,9.6,27,-8.6,4.8,OSO,0.8,16.1,ONO,9.3,8.4,8.2,NA,1010.4,0,0,0,0,0,NA,NA,NA,0.061,0,18.6,58,10.2,18.1,10.75,1.1922,0,NA,232,1,100,10
2026-08-21T08:00:00Z,9.3,9.6,9.3,25,-9.8,4.8,OSO,0.8,11.3,OSO,9,8.1,7.8,NA,1010.2,0,0,0,0,0,NA,NA,NA,0.063,0,18.6,58,10.2,18.1,10.75,1.192,0.05,NA,233,1,100,10
2026-08-21T08:10:00Z,9.1,9.3,9.1,24,-10.5,4.8,OSO,0.8,11.3,OSO,8.7,7.9,7.6,NA,1010.4,0,0,0,0,0,NA,NA,NA,0.064,0,18.6,58,10.2,18.1,10.75,1.1923,0,NA,233,1,100,10
2026-08-21T08:20:00Z,8.9,9.1,8.9,23,-11.2,4.8,OSO,0.8,11.3,OSO,8.6,7.7,7.4,NA,1010.6,0,0,0,0,0,NA,NA,NA,0.066,0,18.6,58,10.1,18.1,10.75,1.1928,0,NA,232,1,100,10
2026-08-21T08:30:00Z,8.8,8.9,8.8,23,-11.3,4.8,OSO,0.8,12.9,O,8.4,7.6,7.3,NA,1010.9,0,0,0,0,0,NA,NA,NA,0.066,0,18.6,58,10.1,18.1,10.75,1.1931,0,NA,232,1,100,10
2026-08-21T08:40:00Z,8.7,8.8,8.7,23,-11.4,4.8,OSO,0.8,9.7,O,8.3,7.5,7.2,NA,1010.9,0,0,0,0,0,NA,NA,NA,0.067,0,18.6,58,10.1,18.1,10.75,1.1932,0,NA,233,1,100,10
2026-08-21T08:50:00Z,8.6,8.7,8.6,22,-12,4.8,SO,0.8,9.7,O,8.2,7.4,7,NA,1011,0,0,0,0,0,NA,NA,NA,0.068,0,18.6,58,10.1,18.1,10.75,1.1932,0,NA,229,1,100,10
2026-08-21T09:00:00Z,8.5,8.6,8.5,22,-12.1,4.8,SO,0.8,11.3,SO,8.1,7.3,6.9,NA,1011.2,0,0,0,0,0,NA,NA,NA,0.068,0,18.5,58,10.1,18,10.75,1.1937,0.05,NA,231,1,100,10
2026-08-21T09:10:00Z,8.4,8.5,8.4,23,-11.6,6.4,SO,1.07,14.5,O,7.5,7.2,6.3,NA,1011.3,0,0,0,0,0,NA,NA,NA,0.069,0,18.5,58,10.1,18,10.75,1.1938,0,NA,233,1,100,10
2026-08-21T09:20:00Z,8.4,8.4,8.4,23,-11.6,6.4,OSO,1.07,12.9,S,7.5,7.2,6.3,NA,1011.2,0,0,0,0,0,NA,NA,NA,0.069,0,18.4,58,10,17.9,10.75,1.1941,0,NA,233,1,100,10
2026-08-21T09:30:00Z,8.4,8.4,8.4,23,-11.6,6.4,OSO,1.07,16.1,SO,7.5,7.2,6.3,NA,1011.4,0,0,0,0,0,NA,NA,NA,0.069,0,18.4,58,10,17.9,10.75,1.1943,0,NA,233,1,100,10
2026-08-21T09:40:00Z,8.3,8.4,8.3,23,-11.6,6.4,SO,1.07,12.9,SSO,7.4,7.2,6.3,NA,1011.6,0,0,0,0,0,NA,NA,NA,0.069,0,18.4,58,10,17.9,10.75,1.1948,0,NA,231,1,100,10
2026-08-21T09:50:00Z,8.2,8.3,8.2,23,-11.7,6.4,OSO,1.07,12.9,O,7.3,7.1,6.2,NA,1011.8,0,0,0,0,0,NA,NA,NA,0.07,0,18.3,58,9.9,17.8,10.75,1.1953,0,NA,233,1,100,10
2026-08-21T10:00:00Z,8.1,8.2,8.1,23,-11.9,6.4,OSO,1.07,14.5,OSO,7.1,6.9,6,NA,1012,0,0,0,0,0,NA,NA,NA,0.071,0,18.3,58,9.9,17.8,10.75,1.1955,0.08,NA,234,1,100,10
2026-08-21T10:10:00Z,7.9,8.1,7.9,24,-11.5,6.4,OSO,1.07,12.9,O,6.9,6.8,5.8,NA,1012.2,0,0,0,0,0,NA,NA,NA,0.073,0,18.6,59,10.4,18.2,10.95,1.1942,0,NA,232,1,100,10
2026-08-21T10:20:00Z,7.7,7.9,7.7,24,-11.6,8,OSO,1.34,22.5,ESE,6.3,6.7,5.3,NA,1012.5,0,0,0,0,0,NA,NA,NA,0.074,0,18.9,59,10.8,18.5,10.95,1.1928,0,NA,235,1,100,10
2026-08-21T10:30:00Z,7.7,7.7,7.7,24,-11.7,8,OSO,1.34,16.1,SO,6.3,6.6,5.2,NA,1012.6,0,0,0,0,0,NA,NA,NA,0.074,0,19.2,60,11.3,18.9,11.05,1.1913,0,NA,233,1,100,10
2026-08-21T10:40:00Z,7.7,7.7,7.6,24,-11.7,8,OSO,1.34,20.9,SO,6.3,6.6,5.2,NA,1012.7,0,0,6,0.09,9,NA,NA,NA,0.074,0,19.4,60,11.5,19.2,11.05,1.1902,0,NA,233,1,100,10
2026-08-21T10:50:00Z,7.6,7.7,7.6,24,-11.7,8,OSO,1.34,17.7,O,6.2,6.6,5.1,NA,1012.6,0,0,12,0.17,14,NA,NA,NA,0.074,0,19.6,60,11.6,19.4,11.05,1.1893,0,NA,233,1,100,10
2026-08-21T11:00:00Z,7.6,7.6,7.6,24,-11.7,8,OSO,1.34,16.1,O,6.2,6.6,5.1,NA,1012.4,0,0,19,0.27,25,NA,NA,NA,0.074,0,19.8,60,11.8,19.6,11.05,1.1882,0.08,NA,234,1,100,10
2026-08-21T11:10:00Z,7.5,7.6,7.5,24,-11.8,11.3,OSO,1.88,24.1,OSO,5.4,6.4,4.4,NA,1012.3,0,0,27,0.39,30,NA,NA,NA,0.075,0,19.9,60,11.9,19.7,11.05,1.1875,0,NA,234,1,100,10
2026-08-21T11:20:00Z,7.6,7.6,7.5,24,-11.8,8,OSO,1.34,24.1,OSO,6.1,6.5,5.1,NA,1012.7,0,0,40,0.57,46,NA,NA,NA,0.075,0,20.1,60,12,19.9,11.05,1.1871,0,NA,233,1,100,10
2026-08-21T11:30:00Z,7.6,7.6,7.6,24,-11.7,9.7,OSO,1.61,22.5,SO,5.8,6.6,4.8,NA,1012.9,0,0,47,0.67,58,NA,NA,NA,0.074,0,20.2,60,12.2,19.9,11.05,1.1868,0,NA,234,1,100,10
2026-08-21T11:40:00Z,7.7,7.7,7.6,24,-11.7,8,OSO,1.34,17.7,SO,6.3,6.6,5.2,NA,1013.5,0,0,45,0.65,53,NA,NA,NA,0.074,0,20.2,60,12.2,20,11.05,1.1872,0,NA,233,1,100,10
2026-08-21T11:50:00Z,7.7,7.7,7.7,24,-11.7,4.8,OSO,0.8,12.9,O,7.2,6.6,6.2,NA,1013.8,0,0,52,0.75,58,NA,NA,NA,0.074,0,20.3,60,12.3,20.1,11.05,1.187,0,NA,230,1,100,10
2026-08-21T12:00:00Z,7.6,7.7,7.6,23,-12.3,6.4,OSO,1.07,20.9,OSO,6.6,6.4,5.4,NA,1014.1,0,0,134,1.92,234,NA,NA,NA,0.075,0,20.3,60,12.3,20.1,11.05,1.1873,0.08,NA,233,1,100,10
2026-08-21T12:10:00Z,7.8,7.8,7.6,23,-12.1,8,OSO,1.34,17.7,SO,6.4,6.7,5.3,NA,1014.4,0,0,250,3.58,264,NA,NA,NA,0.073,0,20.4,60,12.4,20.1,11.05,1.1875,0,NA,232,1,100,10
2026-08-21T12:20:00Z,7.9,7.9,7.8,24,-11.4,8,OSO,1.34,16.1,OSO,6.6,6.8,5.5,NA,1014.7,0,0,283,4.06,299,NA,NA,NA,0.072,0,20.4,59,12.2,20.1,10.95,1.1878,0,NA,234,1,100,10
2026-08-21T12:30:00Z,7.9,7.9,7.8,25,-10.9,8,OSO,1.34,20.9,O,6.6,6.9,5.6,NA,1014.7,0,0,312,4.47,323,NA,NA,NA,0.072,0,20.5,59,12.2,20.1,10.95,1.1876,0,NA,235,1,100,10
2026-08-21T12:40:00Z,8.3,8.3,8,27,-9.7,6.4,OSO,1.07,14.5,OSO,7.4,7.2,6.3,NA,1015.3,0,0,339,4.86,352,NA,NA,NA,0.07,0,20.6,59,12.3,20.2,10.95,1.1877,0,NA,233,1,100,10
2026-08-21T12:50:00Z,8.6,8.6,8.3,32,-7.2,8,OSO,1.34,19.3,OSO,7.4,7.6,6.4,NA,1015.5,0,0,365,5.23,374,NA,NA,NA,0.068,0,20.7,59,12.4,20.3,10.95,1.1877,0,NA,234,1,100,10
2026-08-21T13:00:00Z,9.2,9.2,8.6,35,-5.5,6.4,SO,1.07,17.7,OSO,8.4,8.2,7.5,NA,1015.8,0,0,381,5.46,392,NA,NA,NA,0.064,0,20.7,59,12.4,20.3,10.95,1.1877,0.2,NA,233,1,100,10
2026-08-21T13:10:00Z,9.6,9.6,9.2,40,-3.4,6.4,OSO,1.07,17.7,OSO,8.8,8.7,8,NA,1016,0,0,397,5.69,436,NA,NA,NA,0.061,0,20.8,59,12.5,20.3,10.95,1.1877,0,NA,233,1,100,10
2026-08-21T13:20:00Z,10.2,10.2,9.6,43,-1.8,6.4,SO,1.07,16.1,SO,9.6,9.4,8.8,NA,1016.2,0,0,438,6.28,466,NA,NA,NA,0.056,0,20.8,59,12.5,20.4,10.95,1.1876,0,NA,234,1,100,10
2026-08-21T13:30:00Z,10.6,10.6,10.2,47,-0.3,6.4,OSO,1.07,16.1,OSO,10,9.8,9.2,NA,1016.1,0,0,398,5.71,404,NA,NA,NA,0.054,0,20.9,59,12.6,20.5,10.95,1.187,0,NA,233,1,100,10
2026-08-21T13:40:00Z,10.7,10.8,10.6,54,1.8,8,OSO,1.34,20.9,OSO,9.9,10.1,9.2,NA,1016.4,0,0,396,5.68,401,NA,NA,NA,0.053,0,20.9,58,12.3,20.4,10.75,1.1879,0,NA,234,1,100,10
2026-08-21T13:50:00Z,10.8,10.8,10.7,60,3.4,9.7,OSO,1.61,17.7,O,9.7,10.3,9.2,NA,1016.4,0,0,417,5.98,432,NA,NA,NA,0.052,0,20.8,57,12,20.3,10.56,1.1884,0,NA,234,1,100,10
2026-08-21T14:00:00Z,10.8,10.9,10.8,62,3.8,9.7,OSO,1.61,17.7,ONO,9.7,10.3,9.2,NA,1016.4,0,0,457,6.55,482,NA,NA,NA,0.052,0,20.8,56,11.7,20.2,10.36,1.1888,0.25,NA,234,1,100,10
2026-08-21T14:10:00Z,11,11,10.8,64,4.4,9.7,OSO,1.61,20.9,O,9.9,10.6,9.4,NA,1016.3,0,0,509,7.3,533,NA,NA,NA,0.051,0,20.8,56,11.7,20.2,10.36,1.1886,0,NA,233,1,100,10
2026-08-21T14:20:00Z,11.2,11.3,11,65,4.9,8,OSO,1.34,19.3,OSO,10.4,10.8,10,NA,1016.3,0,0,561,8.04,578,NA,NA,NA,0.049,0,20.9,56,11.8,20.3,10.36,1.1883,0,NA,232,1,100,10
2026-08-21T14:30:00Z,11.4,11.4,11.2,64,4.9,8,SO,1.34,20.9,OSO,10.7,10.9,10.2,NA,1016.5,0,0,588,8.43,594,NA,NA,NA,0.048,0,21,56,11.9,20.4,10.35,1.188,0,NA,233,1,100,10
2026-08-21T14:40:00Z,11.7,11.7,11.4,65,5.4,8,OSO,1.34,16.1,O,11,11.2,10.5,NA,1016.8,0,0,536,7.68,568,NA,NA,NA,0.046,0,21.1,55,11.7,20.3,10.15,1.1884,0,NA,233,1,100,10
2026-08-21T14:50:00Z,11.8,11.8,11.7,64,5.2,8,SO,1.34,19.3,O,11.1,11.2,10.5,NA,1016.7,0,0,501,7.18,520,NA,NA,NA,0.046,0,21.1,55,11.7,20.4,10.15,1.1879,0,NA,235,1,100,10
2026-08-21T15:00:00Z,11.8,11.9,11.8,64,5.2,8,OSO,1.34,19.3,SO,11.2,11.3,10.6,NA,1016.7,0,0,580,8.31,622,NA,NA,NA,0.045,0,21.1,55,11.7,20.4,10.15,1.188,0.33,NA,233,1,100,10
2026-08-21T15:10:00Z,12.2,12.2,11.9,64,5.6,6.4,SO,1.07,12.9,OSO,11.9,11.6,11.3,NA,1016.9,0,0,644,9.23,649,NA,NA,NA,0.043,0,21.2,54,11.5,20.4,9.95,1.1882,0,NA,234,1,100,10
2026-08-21T15:20:00Z,12.3,12.3,12.2,64,5.7,8,OSO,1.34,19.3,SO,11.7,11.7,11.1,NA,1016.8,0,0,657,9.42,663,NA,NA,NA,0.042,0,21.1,53,11.2,20.3,9.85,1.1887,0,NA,232,1,100,10
2026-08-21T15:30:00Z,12.5,12.5,12.3,64,5.9,6.4,SO,1.07,16.1,OSO,12.3,11.9,11.7,NA,1016.9,0,0,662,9.49,666,NA,NA,NA,0.041,0,21.1,52,10.9,20.3,9.65,1.1892,0,NA,234,1,100,10
2026-08-21T15:40:00Z,12.8,12.8,12.5,64,6.1,6.4,OSO,1.07,14.5,ONO,12.6,12.2,11.9,NA,1016.9,0,0,670,9.6,673,NA,NA,NA,0.039,0,21.1,50,10.2,20.1,9.25,1.19,0,NA,233,1,100,10
2026-08-21T15:50:00Z,12.9,12.9,12.8,63,6.1,6.4,SSO,1.07,14.5,O,12.8,12.3,12.2,NA,1017.1,0,0,675,9.68,679,NA,NA,NA,0.037,0,21.1,50,10.2,20.1,9.25,1.1902,0,NA,234,1,100,10
2026-08-21T16:00:00Z,13,13,12.8,63,6.1,8,SO,1.34,17.7,OSO,12.6,12.4,11.9,NA,1017.2,0,0,679,9.73,686,NA,NA,NA,0.037,0,21.2,50,10.3,20.2,9.25,1.1898,0.36,NA,233,1,100,10
2026-08-21T16:10:00Z,12.8,13,12.8,63,6,8,OSO,1.34,19.3,NO,12.3,12.2,11.7,NA,1016.9,0,0,700,10.03,759,NA,NA,NA,0.038,0,21.2,51,10.6,20.3,9.45,1.1892,0,NA,232,1,100,10
2026-08-21T16:20:00Z,13.1,13.1,12.8,63,6.2,8,OSO,1.34,22.5,OSO,12.7,12.5,12.1,NA,1016.7,0,0,723,10.36,768,NA,NA,NA,0.036,0,21.1,50,10.3,20.2,9.25,1.1894,0,NA,233,1,100,10
2026-08-21T16:30:00Z,13.2,13.3,13.2,62,6,8,SO,1.34,20.9,SO,12.7,12.5,12.1,NA,1016.8,0,0,679,9.73,693,NA,NA,NA,0.036,0,21.1,49,9.9,20.1,9.05,1.1902,0,NA,232,1,100,10
2026-08-21T16:40:00Z,13.3,13.3,13.1,63,6.4,8,SO,1.34,16.1,O,12.9,12.7,12.3,NA,1016.7,0,0,672,9.63,677,NA,NA,NA,0.035,0,21.1,49,9.9,20.1,9.05,1.1901,0,NA,234,1,100,10
2026-08-21T16:50:00Z,13.4,13.4,13.3,63,6.5,6.4,SO,1.07,16.1,SO,13.3,12.8,12.7,NA,1016.6,0,0,664,9.52,670,NA,NA,NA,0.034,0,21,49,9.9,20.1,9.05,1.1902,0,NA,231,1,100,10
2026-08-21T17:00:00Z,13.8,13.8,13.4,62,6.6,6.4,OSO,1.07,14.5,OSO,13.8,13.1,13.1,NA,1016.7,0,0,656,9.4,659,NA,NA,NA,0.032,0,21,49,9.9,20.1,9.05,1.1903,0.36,NA,233,1,100,10
2026-08-21T17:10:00Z,14.1,14.1,13.8,60,6.4,6.4,OSO,1.07,19.3,OSO,14.1,13.3,13.3,NA,1016.8,0,0,650,9.32,654,NA,NA,NA,0.03,0,20.8,48,9.4,19.9,8.86,1.1916,0,NA,232,1,100,10
2026-08-21T17:20:00Z,14.2,14.2,14,62,7,4.8,SO,0.8,14.5,OSO,14.2,13.6,13.6,NA,1016.5,0,0,638,9.15,643,NA,NA,NA,0.029,0,20.6,48,9.2,19.7,8.87,1.1923,0,NA,233,1,100,10
2026-08-21T17:30:00Z,14.3,14.4,14.2,59,6.4,6.4,OSO,1.07,14.5,OSO,14.3,13.6,13.6,NA,1016.4,0,0,628,9,633,NA,NA,NA,0.028,0,20.4,48,9,19.5,8.88,1.1932,0,NA,232,1,100,10
2026-08-21T17:40:00Z,14,14.3,13.9,61,6.6,6.4,OSO,1.07,16.1,OSO,14,13.3,13.3,NA,1016.3,0,0,613,8.79,619,NA,NA,NA,0.03,0,20.2,48,8.9,19.4,8.88,1.1939,0,NA,234,1,100,10
2026-08-21T17:50:00Z,14.2,14.2,13.9,61,6.7,4.8,SSO,0.8,14.5,E,14.2,13.5,13.5,NA,1016.4,0,0,596,8.54,608,NA,NA,NA,0.029,0,20.1,49,9,19.3,9.09,1.1946,0,NA,234,1,100,10
2026-08-21T18:00:00Z,14.1,14.2,14.1,61,6.6,6.4,OSO,1.07,12.9,OSO,14.1,13.4,13.4,NA,1016.5,0,0,579,8.3,587,NA,NA,NA,0.03,0,19.9,49,8.9,19.2,9.09,1.1952,0.33,NA,234,1,100,10
2026-08-21T18:10:00Z,13.9,14.1,13.9,62,6.7,4.8,SO,0.8,12.9,OSO,13.9,13.2,13.2,NA,1016.4,0,0,561,8.04,568,NA,NA,NA,0.031,0,19.8,49,8.8,19.1,9.1,1.1957,0,NA,235,1,100,10
2026-08-21T18:20:00Z,13.7,13.9,13.7,62,6.6,8,OSO,1.34,14.5,O,13.4,13.1,12.7,NA,1016.3,0,0,543,7.78,552,NA,NA,NA,0.032,0,19.8,49,8.8,19,9.1,1.1958,0,NA,231,1,100,10
2026-08-21T18:30:00Z,13.7,13.8,13.7,62,6.5,6.4,SO,1.07,17.7,OSO,13.6,13,12.9,NA,1016.4,0,0,521,7.47,533,NA,NA,NA,0.032,0,19.7,49,8.6,18.8,9.1,1.1965,0,NA,233,1,100,10
2026-08-21T18:40:00Z,14,14,13.7,61,6.6,4.8,SSO,0.8,11.3,SSO,14,13.3,13.3,NA,1016.4,0,0,501,7.18,510,NA,NA,NA,0.03,0,19.6,49,8.6,18.8,9.1,1.1967,0,NA,234,1,100,10
2026-08-21T18:50:00Z,13.7,14,13.7,61,6.3,6.4,OSO,1.07,19.3,SO,13.7,13.1,13,NA,1016.3,0,0,476,6.82,489,NA,NA,NA,0.032,0,19.6,49,8.5,18.7,9.11,1.1969,0,NA,234,1,100,10
2026-08-21T19:00:00Z,13.7,13.7,13.7,61,6.3,6.4,SO,1.07,16.1,O,13.7,13.1,13,NA,1016.3,0,0,449,6.44,461,NA,NA,NA,0.032,0,19.5,49,8.5,18.7,9.11,1.1972,0.3,NA,233,1,100,10
2026-08-21T19:10:00Z,13.6,13.7,13.6,61,6.2,6.4,SO,1.07,16.1,ONO,13.6,12.9,12.9,NA,1016.3,0,0,421,6.04,434,NA,NA,NA,0.033,0,19.4,49,8.4,18.6,9.11,1.1975,0,NA,235,1,100,10
2026-08-21T19:20:00Z,13.5,13.7,13.4,61,6.1,6.4,SSO,1.07,11.3,SE,13.4,12.8,12.8,NA,1016.2,0,0,395,5.66,408,NA,NA,NA,0.034,0,19.4,49,8.4,18.6,9.11,1.1977,0,NA,234,1,100,10
2026-08-21T19:30:00Z,13.4,13.5,13.4,61,6.1,4.8,SO,0.8,12.9,OSO,13.4,12.8,12.8,NA,1016.4,0,0,367,5.26,381,NA,NA,NA,0.034,0,19.4,49,8.4,18.6,9.11,1.1979,0,NA,234,1,100,10
2026-08-21T19:40:00Z,13.4,13.4,13.3,61,6,6.4,OSO,1.07,16.1,O,13.3,12.7,12.6,NA,1016.3,0,0,340,4.87,353,NA,NA,NA,0.034,0,19.3,49,8.3,18.5,9.11,1.1981,0,NA,233,1,100,10
2026-08-21T19:50:00Z,13.6,13.6,13.4,61,6.2,3.2,SSO,0.54,8,S,13.6,12.9,12.9,NA,1016.2,0,0,314,4.5,327,NA,NA,NA,0.033,0,19.3,49,8.3,18.4,9.12,1.1982,0,NA,234,1,100,10
2026-08-21T20:00:00Z,13.6,13.7,13.6,61,6.2,3.2,OSO,0.54,9.7,S,13.6,12.9,12.9,NA,1016.4,0,0,287,4.11,301,NA,NA,NA,0.033,0,19.2,49,8.2,18.3,9.12,1.1987,0.23,NA,234,1,100,10
2026-08-21T20:10:00Z,13.5,13.7,13.5,61,6.1,3.2,SO,0.54,11.3,SO,13.5,12.8,12.8,NA,1016.5,0,0,256,3.67,269,NA,NA,NA,0.034,0,19.2,49,8.2,18.3,9.12,1.1988,0,NA,233,1,100,10
2026-08-21T20:20:00Z,13.1,13.5,13.1,61,5.8,4.8,SO,0.8,11.3,SO,13.1,12.4,12.4,NA,1016.6,0,0,202,2.9,244,NA,NA,NA,0.036,0,19.2,49,8.2,18.3,9.12,1.1989,0,NA,235,1,100,10
2026-08-21T20:30:00Z,12.8,13.1,12.8,61,5.5,4.8,SO,0.8,11.3,OSO,12.8,12.2,12.2,NA,1016.6,0,0,197,2.82,213,NA,NA,NA,0.038,0,19.2,49,8.2,18.3,9.12,1.1989,0,NA,233,1,100,10
2026-08-21T20:40:00Z,12.7,12.8,12.7,61,5.3,3.2,SSO,0.54,11.3,SSO,12.7,12,12,NA,1016.6,0,0,168,2.41,183,NA,NA,NA,0.039,0,19.2,49,8.2,18.3,9.12,1.1992,0,NA,234,1,100,10
2026-08-21T20:50:00Z,12.5,12.7,12.5,62,5.4,3.2,SSO,0.54,11.3,OSO,12.5,11.8,11.8,NA,1016.8,0,0,138,1.98,151,NA,NA,NA,0.041,0,19.2,49,8.2,18.3,9.12,1.1994,0,NA,234,1,100,10
2026-08-21T21:00:00Z,12.2,12.5,12.2,62,5.1,4.8,SO,0.8,11.3,OSO,12.2,11.6,11.6,NA,1016.8,0,0,107,1.53,121,NA,NA,NA,0.043,0,19.1,49,8.1,18.2,9.12,1.1997,0.13,NA,234,1,100,10
2026-08-21T21:10:00Z,11.7,12.2,11.7,63,4.9,4.8,OSO,0.8,12.9,OSO,11.7,11.2,11.2,NA,1016.9,0,0,51,0.73,88,NA,NA,NA,0.046,0,19.1,49,8.1,18.2,9.12,1.2001,0,NA,234,1,100,10
2026-08-21T21:20:00Z,11.4,11.7,11.4,63,4.6,4.8,SO,0.8,17.7,OSO,11.4,10.9,10.9,NA,1017,0,0,24,0.34,26,NA,NA,NA,0.048,0,19.1,49,8.1,18.2,9.12,1.2002,0,NA,235,1,100,10
2026-08-21T21:30:00Z,11.1,11.4,11.1,64,4.6,4.8,SO,0.8,11.3,SO,11.1,10.7,10.6,NA,1017,0,0,20,0.29,26,NA,NA,NA,0.05,0,19.1,49,8.1,18.2,9.12,1.2002,0,NA,233,1,100,10
2026-08-21T21:40:00Z,10.8,11.1,10.8,64,4.3,4.8,OSO,0.8,12.9,OSO,10.8,10.4,10.3,NA,1017,0,0,6,0.09,11,NA,NA,NA,0.052,0,19,49,8,18.1,9.13,1.2005,0,NA,234,1,100,10
2026-08-21T21:50:00Z,10.6,10.8,10.6,65,4.3,4.8,SO,0.8,9.7,O,10.5,10.2,10.1,NA,1017.2,0,0,0,0,0,NA,NA,NA,0.054,0,19,48,7.7,18,8.93,1.201,0,NA,233,1,100,10
2026-08-21T22:00:00Z,10.4,10.6,10.4,65,4.1,3.2,SSO,0.54,9.7,O,10.4,10.1,10.1,NA,1017.3,0,0,0,0,0,NA,NA,NA,0.055,0,19,49,8,18.1,9.13,1.2009,0.03,NA,232,1,100,10
2026-08-21T22:10:00Z,10.3,10.4,10.3,65,4,3.2,SSO,0.54,6.4,OSO,10.3,9.9,9.9,NA,1017.3,0,0,0,0,0,NA,NA,NA,0.056,0,19.1,49,8.1,18.2,9.12,1.2006,0,NA,234,1,100,10
2026-08-21T22:20:00Z,10.2,10.3,10.2,65,3.9,1.6,OSO,0.27,6.4,OSO,10.2,9.8,9.8,NA,1017.4,0,0,0,0,0,NA,NA,NA,0.057,0,19,49,8,18.1,9.13,1.201,0,NA,234,1,100,10
2026-08-21T22:30:00Z,10,10.2,10,65,3.7,3.2,SO,0.54,6.4,OSO,10,9.7,9.7,NA,1017.4,0,0,0,0,0,NA,NA,NA,0.058,0,19,49,8,18.1,9.13,1.201,0,NA,232,1,100,10
2026-08-21T22:40:00Z,9.8,10,9.8,65,3.6,3.2,SO,0.54,8,SO,9.8,9.5,9.5,NA,1017.5,0,0,0,0,0,NA,NA,NA,0.059,0,19.1,49,8.1,18.2,9.12,1.2008,0,NA,233,1,100,10
2026-08-21T22:50:00Z,9.6,9.8,9.6,65,3.3,1.6,SSO,0.27,4.8,OSO,9.6,9.3,9.3,NA,1017.6,0,0,0,0,0,NA,NA,NA,0.061,0,19,49,8,18.1,9.13,1.2012,0,NA,234,1,100,10
2026-08-21T23:00:00Z,9.5,9.6,9.5,64,3,1.6,OSO,0.27,4.8,SO,9.5,9.2,9.2,NA,1017.6,0,0,0,0,0,NA,NA,NA,0.061,0,19.1,49,8.1,18.2,9.12,1.201,0.03,NA,233,1,100,10
2026-08-21T23:10:00Z,9.3,9.5,9.3,64,2.9,1.6,SSO,0.27,4.8,SSO,9.3,8.9,8.9,NA,1017.6,0,0,0,0,0,NA,NA,NA,0.063,0,18.9,49,8,18,9.13,1.2015,0,NA,233,1,100,10
2026-08-21T23:20:00Z,9.3,9.3,9.2,63,2.6,1.6,SO,0.27,4.8,SSO,9.3,8.9,8.9,NA,1017.8,0,0,0,0,0,NA,NA,NA,0.063,0,19,49,8,18.1,9.13,1.2014,0,NA,233,1,100,10
2026-08-21T23:30:00Z,9.2,9.3,9.2,63,2.5,1.6,OSO,0.27,6.4,SO,9.2,8.8,8.8,NA,1017.8,0,0,0,0,0,NA,NA,NA,0.064,0,19,49,8,18.1,9.13,1.2015,0,NA,233,1,100,10
2026-08-21T23:40:00Z,9.1,9.2,9.1,63,2.4,1.6,SO,0.27,3.2,SO,9.1,8.7,8.7,NA,1017.9,0,0,0,0,0,NA,NA,NA,0.064,0,19,49,8,18.1,9.13,1.2016,0,NA,234,1,100,10
2026-08-21T23:50:00Z,9.1,9.1,9.1,62,2.2,1.6,OSO,0.27,4.8,O,9.1,8.7,8.7,NA,1018.1,0,0,0,0,0,NA,NA,NA,0.064,0,18.9,49,8,18,9.13,1.202,0,NA,234,1,100,10
2026-08-22T00:00:00Z,8.9,9.1,8.9,61,1.8,1.6,SSO,0.27,3.2,S,8.9,8.5,8.5,NA,1018.1,0,0,0,0,0,NA,NA,NA,0.065,0,18.9,49,8,18,9.13,1.2021,0.03,NA,233,1,100,10
2026-08-22T00:10:00Z,8.9,8.9,8.9,61,1.8,1.6,SSO,0.27,3.2,SO,8.9,8.4,8.4,NA,1018.2,0,0,0,0,0,NA,NA,NA,0.066,0,18.9,49,8,18,9.13,1.2022,0,NA,233,1,100,10
2026-08-22T00:20:00Z,8.8,8.9,8.8,61,1.7,0,SSO,0,3.2,SO,8.8,8.4,8.4,NA,1018.2,0,0,0,0,0,NA,NA,NA,0.066,0,18.9,49,8,18,9.13,1.2022,0,NA,233,1,100,10
2026-08-22T00:30:00Z,8.8,8.8,8.8,60,1.4,0,OSO,0,3.2,OSO,8.8,8.3,8.3,NA,1018.2,0,0,0,0,0,NA,NA,NA,0.066,0,18.9,49,8,18,9.13,1.2022,0,NA,233,1,100,10
2026-08-22T00:40:00Z,8.7,8.8,8.7,60,1.4,0,S,0,1.6,OSO,8.7,8.3,8.3,NA,1018.2,0,0,0,0,0,NA,NA,NA,0.067,0,18.9,49,7.9,17.9,9.13,1.2024,0,NA,234,1,100,10
2026-08-22T00:50:00Z,8.8,8.8,8.7,59,1.2,0,S,0,1.6,S,8.8,8.3,8.3,NA,1018.3,0,0,0,0,0,NA,NA,NA,0.066,0,18.9,49,7.9,17.9,9.13,1.2025,0,NA,233,1,100,10
2026-08-22T01:00:00Z,8.8,8.8,8.8,59,1.3,0,NA,0,0,NA,8.8,8.4,8.4,NA,1018.5,0,0,0,0,0,NA,NA,NA,0.066,0,18.9,49,7.9,17.9,9.13,1.2028,0.03,NA,234,1,100,10
2026-08-22T01:10:00Z,8.8,8.8,8.8,59,1.3,0,NA,0,0,NA,8.8,8.4,8.4,NA,1018.5,0,0,0,0,0,NA,NA,NA,0.066,0,18.8,49,7.9,17.9,9.13,1.2031,0,NA,232,1,100,10
2026-08-22T01:20:00Z,8.7,8.8,8.7,59,1.1,0,NA,0,0,NA,8.7,8.3,8.3,NA,1018.4,0,0,0,0,0,NA,NA,NA,0.067,0,18.8,49,7.9,17.9,9.13,1.203,0,NA,234,1,100,10
2026-08-22T01:30:00Z,8.7,8.8,8.7,59,1.1,0,SSO,0,1.6,SSO,8.7,8.3,8.3,NA,1018.6,0,0,0,0,0,NA,NA,NA,0.067,0,18.8,49,7.9,17.9,9.13,1.2032,0,NA,234,1,100,10
2026-08-22T01:40:00Z,8.7,8.7,8.7,58,0.9,0,NA,0,0,NA,8.7,8.2,8.2,NA,1018.5,0,0,0,0,0,NA,NA,NA,0.067,0,18.8,49,7.8,17.8,9.13,1.2034,0,NA,234,1,100,10
2026-08-22T01:50:00Z,8.7,8.7,8.7,58,0.9,0,S,0,1.6,S,8.7,8.2,8.2,NA,1018.6,0,0,0,0,0,NA,NA,NA,0.067,0,18.8,49,7.8,17.8,9.13,1.2035,0,NA,235,1,100,10
2026-08-22T02:00:00Z,8.7,8.7,8.7,57,0.6,0,NA,0,0,NA,8.7,8.2,8.2,NA,1018.8,0,0,0,0,0,NA,NA,NA,0.067,0,18.8,49,7.8,17.8,9.13,1.2038,0.03,NA,233,1,100,10
2026-08-22T02:10:00Z,8.6,8.7,8.6,56,0.3,0,NA,0,0,NA,8.6,8.1,8.1,NA,1018.8,0,0,0,0,0,NA,NA,NA,0.068,0,18.8,50,8.1,17.9,9.33,1.2034,0,NA,233,1,100,10
2026-08-22T02:20:00Z,8.5,8.6,8.5,56,0.2,0,NA,0,0,NA,8.5,7.9,7.9,NA,1018.7,0,0,0,0,0,NA,NA,NA,0.068,0,18.8,50,8.1,17.9,9.33,1.2034,0,NA,234,1,100,10
2026-08-22T02:30:00Z,8.4,8.5,8.4,55,-0.1,0,NA,0,0,NA,8.4,7.8,7.8,NA,1018.8,0,0,0,0,0,NA,NA,NA,0.069,0,18.7,50,8.1,17.8,9.34,1.2038,0,NA,234,1,100,10
2026-08-22T02:40:00Z,8.2,8.4,8.2,54,-0.5,0,NA,0,0,NA,8.2,7.7,7.7,NA,1018.9,0,0,0,0,0,NA,NA,NA,0.07,0,18.7,50,8.1,17.8,9.34,1.2038,0,NA,231,1,100,10
2026-08-22T02:50:00Z,8.1,8.2,8.1,53,-0.9,0,NA,0,0,NA,8.1,7.5,7.5,NA,1019,0,0,0,0,0,NA,NA,NA,0.071,0,18.7,50,8,17.8,9.34,1.2043,0,NA,232,1,100,10
2026-08-22T03:00:00Z,8,8.1,8,51,-1.5,0,NA,0,0,NA,8,7.4,7.4,NA,1019,0,0,0,0,0,NA,NA,NA,0.072,0,18.7,50,8,17.8,9.34,1.2042,0.03,NA,234,1,100,10
2026-08-22T03:10:00Z,8,8.1,7.9,50,-1.8,0,NA,0,0,NA,8,7.4,7.4,NA,1019.1,0,0,0,0,0,NA,NA,NA,0.072,0,18.7,50,8,17.8,9.34,1.2044,0,NA,231,1,100,10
2026-08-22T03:20:00Z,8,8.1,7.9,49,-2.1,0,S,0,1.6,SSO,8,7.3,7.3,NA,1019.2,0,0,0,0,0,NA,NA,NA,0.072,0,18.7,50,8,17.8,9.34,1.2045,0,NA,234,1,100,10
2026-08-22T03:30:00Z,8.1,8.1,8,49,-2,0,NA,0,0,NA,8.1,7.4,7.4,NA,1019.3,0,0,0,0,0,NA,NA,NA,0.071,0,18.6,50,8,17.7,9.34,1.205,0,NA,233,1,100,10
2026-08-22T03:40:00Z,8,8.1,7.9,50,-1.8,0,NA,0,0,NA,8,7.4,7.4,NA,1019.4,0,0,0,0,0,NA,NA,NA,0.072,0,18.6,50,8,17.7,9.34,1.2051,0,NA,233,1,100,10
2026-08-22T03:50:00Z,7.9,8,7.9,50,-1.9,0,S,0,1.6,S,7.9,7.3,7.3,NA,1019.4,0,0,0,0,0,NA,NA,NA,0.072,0,18.6,50,7.9,17.6,9.34,1.2053,0,NA,233,1,100,10
2026-08-22T04:00:00Z,7.9,7.9,7.9,50,-1.9,0,NA,0,0,NA,7.9,7.3,7.3,NA,1019.3,0,0,0,0,0,NA,NA,NA,0.073,0,18.6,50,7.9,17.6,9.34,1.2052,0.03,NA,234,1,100,10
2026-08-22T04:10:00Z,7.8,7.9,7.8,49,-2.3,0,S,0,1.6,S,7.8,7.2,7.2,NA,1019.4,0,0,0,0,0,NA,NA,NA,0.073,0,18.6,50,7.9,17.6,9.34,1.2053,0,NA,233,1,100,10
2026-08-22T04:20:00Z,7.7,7.8,7.7,48,-2.6,0,NA,0,0,NA,7.7,7.1,7.1,NA,1019.3,0,0,0,0,0,NA,NA,NA,0.074,0,18.5,50,7.9,17.6,9.34,1.2055,0,NA,232,1,100,10
2026-08-22T04:30:00Z,7.6,7.7,7.6,48,-2.7,0,NA,0,0,NA,7.6,6.9,6.9,NA,1019.4,0,0,0,0,0,NA,NA,NA,0.074,0,18.5,50,7.9,17.6,9.34,1.2055,0,NA,232,1,100,10
2026-08-22T04:40:00Z,7.4,7.6,7.4,47,-3.2,0,NA,0,0,NA,7.4,6.8,6.8,NA,1019.2,0,0,0,0,0,NA,NA,NA,0.076,0,18.5,50,7.9,17.6,9.34,1.2054,0,NA,233,1,100,10
2026-08-22T04:50:00Z,7.2,7.4,7.2,46,-3.6,0,NA,0,0,NA,7.2,6.5,6.5,NA,1019.3,0,0,0,0,0,NA,NA,NA,0.077,0,18.4,50,7.8,17.5,9.35,1.2057,0,NA,234,1,100,10
2026-08-22T05:00:00Z,7.2,7.2,7.2,46,-3.6,0,NA,0,0,NA,7.2,6.5,6.5,NA,1019.4,0,0,0,0,0,NA,NA,NA,0.077,0,18.4,51,8.1,17.6,9.55,1.2056,0.03,NA,232,1,100,10
2026-08-22T05:10:00Z,7,7.2,7,45,-4.1,0,SSO,0,1.6,SSO,7,6.3,6.3,NA,1019.4,0,0,0,0,0,NA,NA,NA,0.079,0,18.4,51,8.1,17.6,9.55,1.2056,0,NA,235,1,100,10
2026-08-22T05:20:00Z,6.9,7,6.9,43,-4.8,0,SSO,0,1.6,S,6.9,6.2,6.2,NA,1019.3,0,0,0,0,0,NA,NA,NA,0.079,0,18.4,50,7.8,17.4,9.35,1.206,0,NA,232,1,100,10
2026-08-22T05:30:00Z,6.7,6.9,6.7,44,-4.7,0,NA,0,0,NA,6.7,6,6,NA,1019.2,0,0,0,0,0,NA,NA,NA,0.081,0,18.4,50,7.8,17.4,9.35,1.2059,0,NA,234,1,100,10
2026-08-22T05:40:00Z,6.6,6.7,6.6,43,-5.1,0,SSO,0,1.6,SSO,6.6,5.9,5.9,NA,1019.1,0,0,0,0,0,NA,NA,NA,0.081,0,18.4,50,7.8,17.4,9.35,1.2058,0,NA,232,1,100,10
2026-08-22T05:50:00Z,6.5,6.6,6.5,43,-5.2,0,NA,0,0,NA,6.5,5.8,5.8,NA,1019,0,0,0,0,0,NA,NA,NA,0.082,0,18.3,50,7.7,17.4,9.35,1.206,0,NA,233,1,100,10
2026-08-22T06:00:00Z,6.4,6.5,6.4,44,-5,0,NA,0,0,NA,6.4,5.7,5.7,NA,1019,0,0,0,0,0,NA,NA,NA,0.083,0,18.3,50,7.7,17.4,9.35,1.2059,0.03,NA,233,1,100,10
2026-08-22T06:10:00Z,6.3,6.4,6.3,44,-5.1,0,NA,0,0,NA,6.3,5.6,5.6,NA,1019.1,0,0,0,0,0,NA,NA,NA,0.084,0,18.3,50,7.7,17.4,9.35,1.206,0,NA,235,1,100,10
2026-08-22T06:20:00Z,6.2,6.3,6.2,44,-5.1,0,S,0,1.6,S,6.2,5.5,5.5,NA,1019.1,0,0,0,0,0,NA,NA,NA,0.084,0,18.3,50,7.7,17.3,9.35,1.2063,0,NA,232,1,100,10
2026-08-22T06:30:00Z,6.2,6.2,6.2,44,-5.2,0,S,0,1.6,SSO,6.2,5.4,5.4,NA,1018.9,0,0,0,0,0,NA,NA,NA,0.084,0,18.3,50,7.7,17.3,9.35,1.206,0,NA,233,1,100,10
2026-08-22T06:40:00Z,6.1,6.2,6.1,44,-5.3,0,S,0,1.6,S,6.1,5.4,5.4,NA,1018.9,0,0,0,0,0,NA,NA,NA,0.085,0,18.3,50,7.7,17.3,9.35,1.2061,0,NA,234,1,100,10
2026-08-22T06:50:00Z,6.1,6.1,6.1,44,-5.3,0,S,0,1.6,SSO,6.1,5.3,5.3,NA,1018.9,0,0,0,0,0,NA,NA,NA,0.085,0,18.3,50,7.7,17.3,9.35,1.206,0,NA,233,1,100,10
2026-08-22T07:00:00Z,5.9,6.1,5.9,44,-5.4,0,NA,0,0,NA,5.9,5.2,5.2,NA,1018.8,0,0,0,0,0,NA,NA,NA,0.086,0,18.2,50,7.6,17.3,9.35,1.2062,0.03,NA,233,1,100,10
2026-08-22T07:10:00Z,5.8,5.9,5.8,44,-5.5,0,NA,0,0,NA,5.8,5.1,5.1,NA,1018.7,0,0,0,0,0,NA,NA,NA,0.087,0,18.2,50,7.6,17.3,9.35,1.2061,0,NA,233,1,100,10
2026-08-22T07:20:00Z,5.7,5.8,5.7,43,-6,0,NA,0,0,NA,5.7,4.9,4.9,NA,1018.6,0,0,0,0,0,NA,NA,NA,0.088,0,18.2,50,7.6,17.2,9.36,1.2063,0,NA,234,1,100,10
2026-08-22T07:30:00Z,5.6,5.7,5.6,43,-6.1,0,NA,0,0,NA,5.6,4.8,4.8,NA,1018.6,0,0,0,0,0,NA,NA,NA,0.089,0,18.2,50,7.6,17.2,9.36,1.2063,0,NA,234,1,100,10
2026-08-22T07:40:00Z,5.4,5.6,5.4,42,-6.5,0,NA,0,0,NA,5.4,4.7,4.7,NA,1018.6,0,0,0,0,0,NA,NA,NA,0.09,0,18.1,50,7.5,17.2,9.36,1.2065,0,NA,232,1,100,10
2026-08-22T07:50:00Z,5.3,5.4,5.3,41,-6.9,0,NA,0,0,NA,5.3,4.5,4.5,NA,1018.5,0,0,0,0,0,NA,NA,NA,0.091,0,18.1,50,7.5,17.2,9.36,1.2064,0,NA,233,1,100,10
2026-08-22T08:00:00Z,5.2,5.3,5.2,40,-7.4,0,NA,0,0,NA,5.2,4.4,4.4,NA,1018.4,0,0,0,0,0,NA,NA,NA,0.091,0,18.1,50,7.5,17.1,9.36,1.2066,0.03,NA,234,1,100,10
2026-08-22T08:10:00Z,5.1,5.2,5.1,38,-8.1,0,NA,0,0,NA,5.1,4.3,4.3,NA,1018.4,0,0,0,0,0,NA,NA,NA,0.092,0,18.1,50,7.5,17.1,9.36,1.2066,0,NA,234,1,100,10
2026-08-22T08:20:00Z,5.1,5.1,5.1,37,-8.5,0,S,0,1.6,S,5.1,4.2,4.2,NA,1018.3,0,0,0,0,0,NA,NA,NA,0.092,0,18.1,50,7.5,17.1,9.36,1.2065,0,NA,233,1,100,10
2026-08-22T08:30:00Z,5.2,5.2,5.1,39,-7.6,0,S,0,1.6,SSO,5.2,4.4,4.4,NA,1018.1,0,0,0,0,0,NA,NA,NA,0.091,0,18,50,7.4,17,9.36,1.2065,0,NA,234,1,100,10
2026-08-22T08:40:00Z,5.4,5.4,5.2,41,-6.8,0,S,0,1.6,S,5.4,4.7,4.7,NA,1018.3,0,0,0,0,0,NA,NA,NA,0.09,0,18,49,7.1,17,9.17,1.207,0,NA,234,1,100,10
2026-08-22T08:50:00Z,5.3,5.4,5.3,43,-6.3,0,NA,0,0,NA,5.3,4.6,4.6,NA,1018.2,0,0,0,0,0,NA,NA,NA,0.09,0,17.9,50,7.4,16.9,9.36,1.2069,0,NA,232,1,100,10
2026-08-22T09:00:00Z,5.2,5.3,5.2,44,-6.1,0,S,0,1.6,SSO,5.2,4.6,4.6,NA,1018.3,0,0,0,0,0,NA,NA,NA,0.091,0,17.9,49,7.1,16.9,9.18,1.2072,0.03,NA,232,1,100,10
2026-08-22T09:10:00Z,5.2,5.2,5.2,45,-5.8,1.6,OSO,0.27,4.8,OSO,5.2,4.6,4.6,NA,1018.2,0,0,0,0,0,NA,NA,NA,0.091,0,17.9,49,7,16.8,9.18,1.2074,0,NA,233,1,100,10
2026-08-22T09:20:00Z,5.6,5.6,5.2,49,-4.3,1.6,O,0.27,4.8,O,5.6,4.9,4.9,NA,1018.3,0,0,0,0,0,NA,NA,NA,0.089,0,17.9,49,7,16.8,9.18,1.2075,0,NA,234,1,100,10
2026-08-22T09:30:00Z,5.7,5.7,5.6,54,-2.9,1.6,OSO,0.27,4.8,OSO,5.7,5.2,5.2,NA,1018.4,0,0,0,0,0,NA,NA,NA,0.088,0,17.9,49,7,16.8,9.18,1.2076,0,NA,234,1,100,10
2026-08-22T09:40:00Z,5.8,5.8,5.7,58,-1.8,1.6,OSO,0.27,4.8,O,5.8,5.3,5.3,NA,1018.3,0,0,0,0,0,NA,NA,NA,0.087,0,17.9,49,7,16.8,9.18,1.2075,0,NA,234,1,100,10
2026-08-22T09:50:00Z,5.9,5.9,5.8,60,-1.3,3.2,OSO,0.54,4.8,OSO,5.9,5.4,5.4,NA,1018.4,0,0,0,0,0,NA,NA,NA,0.086,0,17.9,48,6.7,16.8,8.98,1.2078,0,NA,234,1,100,10
2026-08-22T10:00:00Z,5.8,5.9,5.8,61,-1.1,3.2,OSO,0.54,4.8,OSO,5.8,5.4,5.4,NA,1018.4,0,0,0,0,0,NA,NA,NA,0.087,0,17.8,48,6.7,16.7,8.99,1.2081,0.03,NA,233,1,100,10
2026-08-22T10:10:00Z,5.8,5.8,5.8,62,-0.9,1.6,OSO,0.27,4.8,OSO,5.8,5.3,5.3,NA,1018.5,0,0,0,0,0,NA,NA,NA,0.087,0,17.8,48,6.6,16.7,8.99,1.2085,0,NA,233,1,100,10
2026-08-22T10:20:00Z,5.8,5.8,5.8,63,-0.7,1.6,OSO,0.27,4.8,O,5.8,5.4,5.4,NA,1018.6,0,0,0,0,0,NA,NA,NA,0.087,0,17.8,48,6.7,16.7,8.99,1.2084,0,NA,234,1,100,10
2026-08-22T10:30:00Z,5.7,5.8,5.7,63,-0.8,1.6,OSO,0.27,3.2,OSO,5.7,5.3,5.3,NA,1018.6,0,0,2,0.03,5,NA,NA,NA,0.088,0,17.8,48,6.6,16.7,8.99,1.2087,0,NA,234,1,100,10
2026-08-22T10:40:00Z,5.7,5.7,5.7,63,-0.8,1.6,O,0.27,4.8,O,5.7,5.3,5.3,NA,1018.6,0,0,8,0.11,11,NA,NA,NA,0.088,0,17.7,48,6.6,16.6,8.99,1.209,0,NA,234,1,100,10
2026-08-22T10:50:00Z,5.7,5.7,5.7,63,-0.8,1.6,O,0.27,4.8,O,5.7,5.3,5.3,NA,1018.8,0,0,14,0.2,16,NA,NA,NA,0.088,0,17.7,48,6.6,16.6,8.99,1.2091,0,NA,234,1,100,10
2026-08-22T11:00:00Z,5.7,5.8,5.7,63,-0.8,3.2,OSO,0.54,6.4,OSO,5.7,5.3,5.3,NA,1018.6,0,0,19,0.27,21,NA,NA,NA,0.088,0,17.7,47,6.3,16.6,8.87,1.2091,0.03,NA,234,1,100,10
2026-08-22T11:10:00Z,5.9,5.9,5.7,63,-0.6,1.6,OSO,0.27,9.7,O,5.9,5.5,5.5,NA,1018.7,0,0,25,0.36,28,NA,NA,NA,0.086,0,17.7,47,6.2,16.5,8.87,1.2096,0,NA,233,1,100,10
2026-08-22T11:20:00Z,6.1,6.1,5.9,64,-0.2,1.6,OSO,0.27,8,OSO,6.1,5.7,5.7,NA,1018.7,0,0,30,0.43,33,NA,NA,NA,0.085,0,17.7,47,6.2,16.5,8.87,1.2096,0,NA,234,1,100,10
2026-08-22T11:30:00Z,6.3,6.3,6.1,65,0.2,3.2,O,0.54,6.4,O,6.3,5.9,5.9,NA,1018.8,0,0,36,0.52,39,NA,NA,NA,0.083,0,17.6,47,6.2,16.4,8.88,1.2099,0,NA,234,1,100,10
2026-08-22T11:40:00Z,6.7,6.7,6.3,66,0.8,3.2,OSO,0.54,9.7,O,6.7,6.3,6.3,NA,1018.7,0,0,40,0.57,42,NA,NA,NA,0.081,0,17.6,47,6.2,16.4,8.88,1.2099,0,NA,231,1,100,10
2026-08-22T11:50:00Z,6.9,6.9,6.7,66,1,1.6,O,0.27,4.8,O,6.9,6.6,6.6,NA,1018.6,0,0,43,0.62,44,NA,NA,NA,0.079,0,17.6,47,6.2,16.4,8.88,1.2097,0,NA,235,1,100,10
2026-08-22T12:00:00Z,7.2,7.2,6.9,66,1.3,3.2,O,0.54,6.4,SSE,7.2,6.8,6.8,NA,1018.9,0,0,165,2.37,248,NA,NA,NA,0.077,0,17.6,46,5.8,16.3,8.71,1.2106,0.03,NA,233,1,100,10
2026-08-22T12:10:00Z,7.8,7.8,7.2,66,1.9,1.6,O,0.27,4.8,O,7.8,7.4,7.4,NA,1019,0,0,261,3.74,272,NA,NA,NA,0.073,0,17.6,46,5.8,16.3,8.71,1.2107,0,NA,234,1,100,10
2026-08-22T12:20:00Z,8.2,8.2,7.8,65,2,3.2,O,0.54,9.7,O,8.2,7.8,7.8,NA,1019,0,0,286,4.1,294,NA,NA,NA,0.07,0,17.5,46,5.7,16.3,8.71,1.211,0,NA,234,1,100,10
2026-08-22T12:30:00Z,8.6,8.6,8.2,64,2.1,3.2,O,0.54,9.7,O,8.6,8.2,8.2,NA,1018.9,0,0,314,4.5,339,NA,NA,NA,0.068,0,17.5,46,5.7,16.3,8.71,1.2109,0,NA,234,1,100,10
2026-08-22T12:40:00Z,8.8,8.8,8.6,64,2.4,3.2,O,0.54,11.3,OSO,8.8,8.4,8.4,NA,1018.9,0,0,353,5.06,371,NA,NA,NA,0.066,0,17.5,46,5.7,16.3,8.71,1.2109,0,NA,234,1,100,10
2026-08-22T12:50:00Z,9.1,9.1,8.8,63,2.4,1.6,O,0.27,11.3,O,9.1,8.7,8.7,NA,1019,0,0,363,5.2,383,NA,NA,NA,0.064,0,17.5,46,5.7,16.3,8.71,1.2109,0,NA,234,1,100,10
2026-08-22T13:00:00Z,9.6,9.6,9.1,63,2.9,1.6,O,0.27,6.4,ONO,9.6,9.2,9.2,NA,1019,0,0,381,5.46,394,NA,NA,NA,0.061,0,17.4,46,5.7,16.2,8.71,1.2113,0.18,NA,235,1,100,10
2026-08-22T13:10:00Z,10.1,10.1,9.6,62,3.1,1.6,SSO,0.27,9.7,O,10.1,9.7,9.7,NA,1019.1,0,0,402,5.76,406,NA,NA,NA,0.057,0,17.4,46,5.7,16.2,8.71,1.2114,0,NA,232,1,100,10
2026-08-22T13:20:00Z,10.1,10.1,10.1,60,2.7,3.2,O,0.54,9.7,O,10.1,9.7,9.7,NA,1019,0,0,403,5.78,408,NA,NA,NA,0.057,0,17.4,46,5.7,16.2,8.71,1.2113,0,NA,232,1,100,10
2026-08-22T13:30:00Z,10.6,10.6,10.1,61,3.3,1.6,O,0.27,6.4,O,10.6,10.1,10.1,NA,1018.8,0,0,400,5.73,408,NA,NA,NA,0.054,0,17.4,46,5.7,16.2,8.71,1.211,0,NA,234,1,100,10
2026-08-22T13:40:00Z,10.7,10.7,10.6,58,2.7,3.2,O,0.54,8,OSO,10.7,10.1,10.1,NA,1018.9,0,0,407,5.83,415,NA,NA,NA,0.053,0,17.4,46,5.7,16.2,8.71,1.2111,0,NA,232,1,100,10
2026-08-22T13:50:00Z,10.6,10.7,10.6,57,2.4,3.2,O,0.54,11.3,ONO,10.6,10,10,NA,1018.8,0,0,426,6.11,441,NA,NA,NA,0.054,0,17.4,46,5.7,16.2,8.71,1.211,0,NA,234,1,100,10
2026-08-22T14:00:00Z,10.9,10.9,10.6,56,2.4,1.6,OSO,0.27,9.7,O,10.9,10.3,10.3,NA,1018.8,0,0,463,6.64,489,NA,NA,NA,0.052,0,17.4,46,5.7,16.2,8.71,1.211,0.23,NA,234,1,100,10
2026-08-22T14:10:00Z,11.4,11.4,10.9,55,2.7,1.6,O,0.27,6.4,O,11.4,10.7,10.7,NA,1018.7,0,0,517,7.41,541,NA,NA,NA,0.048,0,17.4,46,5.7,16.2,8.71,1.2109,0,NA,233,1,100,10
2026-08-22T14:20:00Z,11.7,11.8,11.4,54,2.7,1.6,O,0.27,8,OSO,11.7,10.9,10.9,NA,1018.6,0,0,571,8.19,596,NA,NA,NA,0.046,0,17.4,46,5.7,16.2,8.71,1.2108,0,NA,234,1,100,10
2026-08-22T14:30:00Z,11.9,11.9,11.6,55,3.1,1.6,NE,0.27,9.7,O,11.9,11.1,11.1,NA,1018.6,0,0,600,8.6,608,NA,NA,NA,0.045,0,17.4,46,5.7,16.2,8.71,1.2107,0,NA,233,1,100,10
2026-08-22T14:40:00Z,12.2,12.2,11.9,54,3.2,1.6,NE,0.27,6.4,SSO,12.2,11.4,11.4,NA,1018.5,0,0,545,7.81,584,NA,NA,NA,0.042,0,17.4,46,5.7,16.2,8.71,1.2106,0,NA,232,1,100,10
2026-08-22T14:50:00Z,12.3,12.3,12.2,53,3,1.6,NE,0.27,8,NNE,12.3,11.5,11.5,NA,1018.3,0,0,519,7.44,559,NA,NA,NA,0.042,0,17.4,46,5.7,16.2,8.71,1.2104,0,NA,233,1,100,10
2026-08-22T15:00:00Z,12.2,12.4,12.2,51,2.3,3.2,ENE,0.54,8,ENE,12.2,11.3,11.3,NA,1018.2,0,0,579,8.3,652,NA,NA,NA,0.043,0,17.5,46,5.7,16.3,8.71,1.21,0.3,NA,233,1,100,10
2026-08-22T15:10:00Z,12.6,12.6,12.2,52,3,3.2,NE,0.54,8,NE,12.6,11.7,11.7,NA,1018,0,0,626,8.97,649,NA,NA,NA,0.04,0,17.5,46,5.7,16.3,8.71,1.2098,0,NA,235,1,100,10
2026-08-22T15:20:00Z,12.7,12.7,12.6,51,2.8,1.6,S,0.27,4.8,SSO,12.7,11.8,11.8,NA,1017.8,0,0,654,9.38,693,NA,NA,NA,0.039,0,17.5,46,5.7,16.3,8.71,1.2096,0,NA,233,1,100,10
2026-08-22T15:30:00Z,12.6,12.8,12.6,51,2.7,1.6,ONO,0.27,4.8,S,12.6,11.7,11.7,NA,1017.7,0,0,676,9.69,701,NA,NA,NA,0.04,0,17.6,46,5.8,16.3,8.71,1.2092,0,NA,233,1,100,10
2026-08-22T15:40:00Z,13,13,12.6,52,3.4,1.6,NNE,0.27,4.8,SSE,13,12.1,12.1,NA,1017.5,0,0,681,9.76,693,NA,NA,NA,0.037,0,17.6,46,5.8,16.3,8.71,1.2089,0,NA,234,1,100,10
2026-08-22T15:50:00Z,13.2,13.2,13,51,3.3,3.2,ENE,0.54,9.7,ENE,13.2,12.2,12.2,NA,1017.2,0,0,697,9.99,703,NA,NA,NA,0.035,0,17.6,46,5.8,16.4,8.7,1.2083,0,NA,234,1,100,10
2026-08-22T16:00:00Z,13.1,13.3,13.1,51,3.2,1.6,OSO,0.27,4.8,S,13.1,12.1,12.1,NA,1017.1,0,0,701,10.05,710,NA,NA,NA,0.036,0,17.6,46,5.8,16.4,8.7,1.2082,0.36,NA,234,1,100,10
2026-08-22T16:10:00Z,13.4,13.4,13.1,50,3.2,4.8,NE,0.8,8,ENE,13.4,12.4,12.4,NA,1016.9,0,0,692,9.92,701,NA,NA,NA,0.034,0,17.7,46,5.9,16.5,8.7,1.2077,0,NA,234,1,100,10
2026-08-22T16:20:00Z,13.5,13.5,13.4,50,3.3,6.4,ENE,1.07,16.1,ENE,13.4,12.4,12.4,NA,1016.8,0,0,693,9.93,701,NA,NA,NA,0.034,0,17.7,46,5.9,16.5,8.7,1.2076,0,NA,235,1,100,10
2026-08-22T16:30:00Z,13.8,13.8,13.4,51,3.9,3.2,ENE,0.54,16.1,NE,13.8,12.8,12.8,NA,1016.8,0,0,686,9.83,693,NA,NA,NA,0.031,0,17.7,46,5.9,16.5,8.7,1.2075,0,NA,234,1,100,10
2026-08-22T16:40:00Z,14,14.3,13.8,48,3.2,4.8,ENE,0.8,12.9,E,14,12.9,12.9,NA,1016.5,0,0,711,10.19,724,NA,NA,NA,0.03,0,17.7,46,5.9,16.5,8.7,1.2071,0,NA,232,1,100,10
2026-08-22T16:50:00Z,13.7,14,13.6,50,3.4,1.6,SO,0.27,4.8,ENE,13.7,12.6,12.6,NA,1016.3,0,0,686,9.83,729,NA,NA,NA,0.032,0,17.7,46,5.9,16.6,8.69,1.2067,0,NA,234,1,100,10
2026-08-22T17:00:00Z,13.8,13.8,13.6,49,3.3,3.2,O,0.54,9.7,E,13.8,12.7,12.7,NA,1016.2,0,0,674,9.66,715,NA,NA,NA,0.031,0,17.7,46,5.9,16.6,8.69,1.2066,0.36,NA,234,1,100,10
2026-08-22T17:10:00Z,14.2,14.2,13.8,47,3,4.8,E,0.8,11.3,E,14.2,13,13,NA,1016.1,0,0,570,8.17,640,NA,NA,NA,0.029,0,17.7,46,5.9,16.6,8.69,1.2064,0,NA,234,1,100,10
2026-08-22T17:20:00Z,14.3,14.3,14.2,47,3.1,6.4,E,1.07,14.5,ENE,14.3,13.1,13.1,NA,1015.9,0,0,643,9.22,663,NA,NA,NA,0.028,0,17.7,46,5.9,16.6,8.69,1.2062,0,NA,235,1,100,10
2026-08-22T17:30:00Z,14.4,14.4,14.2,47,3.3,3.2,E,0.54,11.3,ENE,14.4,13.2,13.2,NA,1015.5,0,0,614,8.8,664,NA,NA,NA,0.027,0,17.7,46,5.9,16.6,8.69,1.2058,0,NA,234,1,100,10
2026-08-22T17:40:00Z,15,15,14.4,47,3.8,1.6,E,0.27,6.4,ENE,15,13.8,13.8,NA,1015.4,0,0,658,9.43,675,NA,NA,NA,0.023,0,17.7,46,5.9,16.6,8.69,1.2056,0,NA,234,1,100,10
2026-08-22T17:50:00Z,15,15,15,45,3.2,3.2,E,0.54,14.5,E,15,13.7,13.7,NA,1015.2,0,0,590,8.46,643,NA,NA,NA,0.023,0,17.7,46,5.9,16.6,8.69,1.2054,0,NA,233,1,100,10
2026-08-22T18:00:00Z,15,15.1,15,46,3.5,4.8,ENE,0.8,14.5,ENE,15,13.8,13.8,NA,1015.1,0,0,633,9.07,671,NA,NA,NA,0.023,0,17.7,46,5.9,16.6,8.69,1.2053,0.33,NA,234,1,100,10
2026-08-22T18:10:00Z,15.3,15.3,15,47,4,3.2,E,0.54,9.7,E,15.3,14.1,14.1,NA,1015,0,0,549,7.87,608,NA,NA,NA,0.021,0,17.7,46,5.9,16.6,8.69,1.2051,0,NA,234,1,100,10
2026-08-22T18:20:00Z,15.1,15.4,15.1,46,3.6,4.8,ENE,0.8,14.5,ENE,15.1,13.9,13.9,NA,1014.9,0,0,561,8.04,624,NA,NA,NA,0.022,0,17.7,46,5.9,16.6,8.69,1.2049,0,NA,233,1,100,10
2026-08-22T18:30:00Z,14.8,15.1,14.8,46,3.3,3.2,SSO,0.54,12.9,ESE,14.8,13.6,13.6,NA,1014.8,0,0,563,8.07,578,NA,NA,NA,0.024,0,17.7,46,5.9,16.6,8.69,1.2048,0,NA,235,1,100,10
2026-08-22T18:40:00Z,15.4,15.4,14.8,47,4.1,3.2,E,0.54,8,ENE,15.4,14.2,14.2,NA,1014.7,0,0,518,7.43,540,NA,NA,NA,0.02,0,17.7,47,6.3,16.6,8.87,1.2045,0,NA,234,1,100,10
2026-08-22T18:50:00Z,15.4,15.7,15.4,45,3.6,4.8,ENE,0.8,12.9,E,15.4,14.2,14.2,NA,1014.7,0,0,487,6.98,504,NA,NA,NA,0.02,0,17.7,46,5.9,16.6,8.69,1.2047,0,NA,234,1,100,10
2026-08-22T19:00:00Z,15.3,15.4,15.2,48,4.4,1.6,E,0.27,9.7,ENE,15.3,14.2,14.2,NA,1014.4,0,0,466,6.68,475,NA,NA,NA,0.021,0,17.7,47,6.2,16.5,8.87,1.2044,0.33,NA,233,1,100,10
2026-08-22T19:10:00Z,15.4,15.4,15.3,47,4.2,3.2,ENE,0.54,12.9,ENE,15.4,14.2,14.2,NA,1014.5,0,0,418,5.99,452,NA,NA,NA,0.02,0,17.7,46,5.9,16.6,8.69,1.2045,0,NA,234,1,100,10
2026-08-22T19:20:00Z,15.4,15.4,15.4,48,4.5,3.2,ENE,0.54,8,ENE,15.4,14.3,14.3,NA,1014.3,0,0,305,4.37,364,NA,NA,NA,0.02,0,17.7,46,5.9,16.5,8.7,1.2046,0,NA,231,1,100,10
2026-08-22T19:30:00Z,15,15.4,15,49,4.4,3.2,ENE,0.54,9.7,E,15,13.8,13.8,NA,1014.3,0,0,248,3.56,285,NA,NA,NA,0.023,0,17.7,46,5.9,16.5,8.7,1.2045,0,NA,234,1,100,10
2026-08-22T19:40:00Z,14.9,15,14.9,49,4.3,1.6,ENE,0.27,6.4,S,14.9,13.7,13.7,NA,1014.2,0,0,211,3.02,248,NA,NA,NA,0.024,0,17.6,47,6.2,16.4,8.88,1.2044,0,NA,232,1,100,10
2026-08-22T19:50:00Z,14.6,14.9,14.6,50,4.2,1.6,ENE,0.27,6.4,E,14.6,13.4,13.4,NA,1014.2,0,0,179,2.57,195,NA,NA,NA,0.026,0,17.6,47,6.2,16.4,8.88,1.2045,0,NA,233,1,100,10
2026-08-22T20:00:00Z,14.5,14.6,14.5,50,4.2,1.6,E,0.27,6.4,E,14.5,13.4,13.4,NA,1014.3,0,0,182,2.61,213,NA,NA,NA,0.027,0,17.6,47,6.2,16.4,8.88,1.2045,0.18,NA,234,1,100,10
2026-08-22T20:10:00Z,14.5,14.5,14.4,50,4.2,1.6,E,0.27,6.4,ESE,14.5,13.4,13.4,NA,1014.3,0,0,214,3.07,260,NA,NA,NA,0.027,0,17.6,47,6.2,16.4,8.88,1.2046,0,NA,234,1,100,10
2026-08-22T20:20:00Z,14.7,14.7,14.5,49,4.1,3.2,ENE,0.54,6.4,E,14.7,13.6,13.6,NA,1014.2,0,0,241,3.45,271,NA,NA,NA,0.025,0,17.6,47,6.1,16.4,8.88,1.2047,0,NA,232,1,100,10
2026-08-22T20:30:00Z,14.8,14.8,14.7,49,4.2,0,ENE,0,3.2,ENE,14.8,13.6,13.6,NA,1014.1,0,0,189,2.71,221,NA,NA,NA,0.025,0,17.6,47,6.1,16.4,8.88,1.2046,0,NA,233,1,100,10
2026-08-22T20:40:00Z,14.4,14.8,14.4,50,4.1,0,ENE,0,3.2,ESE,14.4,13.3,13.3,NA,1014.3,0,0,131,1.88,158,NA,NA,NA,0.027,0,17.6,48,6.5,16.5,9,1.2043,0,NA,234,1,100,10
2026-08-22T20:50:00Z,14.7,14.7,14.4,50,4.3,0,E,0,3.2,E,14.7,13.6,13.6,NA,1014.2,0,0,129,1.85,153,NA,NA,NA,0.025,0,17.6,48,6.4,16.4,9.01,1.2045,0,NA,234,1,100,10
2026-08-22T21:00:00Z,14.6,14.7,14.6,50,4.3,0,ENE,0,4.8,ESE,14.6,13.5,13.5,NA,1014.3,0,0,61,0.87,88,NA,NA,NA,0.026,0,17.6,48,6.4,16.4,9.01,1.2046,0.1,NA,234,1,100,10
2026-08-22T21:10:00Z,13.9,14.6,13.9,51,4,0,E,0,4.8,ENE,13.9,12.9,12.9,NA,1014.4,0,0,40,0.57,47,NA,NA,NA,0.03,0,17.6,48,6.4,16.4,9.01,1.2047,0,NA,234,1,100,10
2026-08-22T21:20:00Z,13.6,13.9,13.6,52,3.9,0,NE,0,3.2,E,13.6,12.6,12.6,NA,1014.3,0,0,28,0.4,33,NA,NA,NA,0.033,0,17.6,48,6.4,16.4,9.01,1.2045,0,NA,234,1,100,10
2026-08-22T21:30:00Z,13.2,13.6,13.2,53,3.8,0,ENE,0,3.2,ENE,13.2,12.3,12.3,NA,1014.4,0,0,19,0.27,21,NA,NA,NA,0.035,0,17.6,48,6.4,16.4,9.01,1.2047,0,NA,233,1,100,10
2026-08-22T21:40:00Z,13.1,13.2,13.1,54,4,0,NA,0,0,NA,13.1,12.2,12.2,NA,1014.4,0,0,9,0.13,14,NA,NA,NA,0.037,0,17.6,48,6.4,16.4,9.01,1.2047,0,NA,234,1,100,10
2026-08-22T21:50:00Z,12.8,13.1,12.8,56,4.3,0,NA,0,0,NA,12.8,12,12,NA,1014.4,0,0,3,0.04,5,NA,NA,NA,0.038,0,17.6,49,6.7,16.5,9.21,1.2045,0,NA,235,1,100,10
2026-08-22T22:00:00Z,12.6,12.8,12.6,58,4.6,0,NA,0,0,NA,12.6,11.8,11.8,NA,1014.4,0,0,0,0,0,NA,NA,NA,0.04,0,17.5,49,6.7,16.4,9.21,1.2047,0.03,NA,234,1,100,10
2026-08-22T22:10:00Z,12.4,12.6,12.4,60,4.8,0,NA,0,0,NA,12.4,11.7,11.7,NA,1014.4,0,0,0,0,0,NA,NA,NA,0.041,0,17.5,49,6.7,16.4,9.21,1.2047,0,NA,233,1,100,10
2026-08-22T22:20:00Z,12.1,12.4,12.1,61,4.8,0,NA,0,0,NA,12.1,11.5,11.5,NA,1014.5,0,0,0,0,0,NA,NA,NA,0.043,0,17.5,49,6.7,16.4,9.21,1.2048,0,NA,233,1,100,10
2026-08-22T22:30:00Z,11.8,12.1,11.8,62,4.7,0,NA,0,0,NA,11.8,11.2,11.2,NA,1014.7,0,0,0,0,0,NA,NA,NA,0.046,0,17.5,49,6.7,16.4,9.21,1.2051,0,NA,232,1,100,10
2026-08-22T22:40:00Z,11.6,11.8,11.6,64,5,0,NA,0,0,NA,11.6,11.1,11.1,NA,1014.6,0,0,0,0,0,NA,NA,NA,0.047,0,17.5,49,6.7,16.4,9.21,1.205,0,NA,234,1,100,10
2026-08-22T22:50:00Z,11.4,11.6,11.4,64,4.8,0,NA,0,0,NA,11.4,10.9,10.9,NA,1014.9,0,0,0,0,0,NA,NA,NA,0.048,0,17.5,49,6.7,16.4,9.21,1.2053,0,NA,233,1,100,10
2026-08-22T23:00:00Z,11.4,11.4,11.4,64,4.8,0,NA,0,0,NA,11.4,10.9,10.9,NA,1014.8,0,0,0,0,0,NA,NA,NA,0.048,0,17.5,49,6.7,16.4,9.21,1.2053,0.03,NA,234,1,100,10
2026-08-22T23:10:00Z,11.3,11.4,11.3,64,4.8,0,ENE,0,3.2,NNO,11.3,10.8,10.8,NA,1014.8,0,0,0,0,0,NA,NA,NA,0.049,0,17.5,50,7,16.5,9.38,1.205,0,NA,234,1,100,10
2026-08-22T23:20:00Z,11.3,11.4,11.3,63,4.5,1.6,OSO,0.27,4.8,O,11.3,10.8,10.8,NA,1014.9,0,0,0,0,0,NA,NA,NA,0.049,0,17.5,50,7,16.5,9.38,1.2051,0,NA,234,1,100,10
2026-08-22T23:30:00Z,11.3,11.4,11.3,63,4.5,0,OSO,0,3.2,SO,11.3,10.8,10.8,NA,1015,0,0,0,0,0,NA,NA,NA,0.049,0,17.5,50,7,16.5,9.38,1.2052,0,NA,234,1,100,10
2026-08-22T23:40:00Z,11.2,11.4,11.2,63,4.4,0,OSO,0,1.6,OSO,11.2,10.7,10.7,NA,1015,0,0,0,0,0,NA,NA,NA,0.05,0,17.5,50,7,16.5,9.38,1.2052,0,NA,234,1,100,10
2026-08-22T23:50:00Z,11.2,11.2,11.1,62,4.2,1.6,SO,0.27,4.8,O,11.2,10.7,10.7,NA,1015.3,0,0,0,0,0,NA,NA,NA,0.05,0,17.4,50,6.9,16.4,9.38,1.2059,0,NA,234,1,100,10
2026-08-23T00:00:00Z,11.1,11.2,11.1,62,4,0,O,0,3.2,OSO,11.1,10.6,10.6,NA,1015.4,0,0,0,0,0,NA,NA,NA,0.051,0,17.4,49,6.6,16.4,9.21,1.2062,0.03,NA,235,1,100,10
2026-08-23T00:10:00Z,11,11.1,11,62,4,0,O,0,1.6,O,11,10.5,10.5,NA,1015.5,0,0,0,0,0,NA,NA,NA,0.051,0,17.4,49,6.6,16.4,9.21,1.2063,0,NA,234,1,100,10
2026-08-23T00:20:00Z,10.8,11,10.8,63,4.1,0,O,0,1.6,O,10.8,10.4,10.4,NA,1015.4,0,0,0,0,0,NA,NA,NA,0.052,0,17.4,49,6.6,16.4,9.21,1.2062,0,NA,234,1,100,10
2026-08-23T00:30:00Z,10.7,10.8,10.7,63,4,0,O,0,1.6,O,10.7,10.3,10.3,NA,1015.4,0,0,0,0,0,NA,NA,NA,0.053,0,17.4,49,6.6,16.4,9.21,1.2063,0,NA,234,1,100,10
2026-08-23T00:40:00Z,10.6,10.7,10.6,63,3.9,0,O,0,3.2,O,10.6,10.2,10.2,NA,1015.3,0,0,0,0,0,NA,NA,NA,0.054,0,17.4,49,6.6,16.4,9.21,1.2061,0,NA,233,1,100,10
2026-08-23T00:50:00Z,10.5,10.6,10.5,63,3.7,0,O,0,1.6,O,10.5,10.1,10.1,NA,1015.4,0,0,0,0,0,NA,NA,NA,0.054,0,17.4,49,6.6,16.4,9.21,1.2062,0,NA,233,1,100,10
2026-08-23T01:00:00Z,10.4,10.5,10.4,63,3.7,0,O,0,1.6,O,10.4,10,10,NA,1015.4,0,0,0,0,0,NA,NA,NA,0.055,0,17.4,49,6.6,16.4,9.21,1.2063,0.03,NA,233,1,100,10
2026-08-23T01:10:00Z,10.4,10.4,10.4,63,3.7,0,O,0,3.2,O,10.4,10,10,NA,1015.6,0,0,0,0,0,NA,NA,NA,0.055,0,17.4,49,6.6,16.4,9.21,1.2064,0,NA,235,1,100,10
2026-08-23T01:20:00Z,10.4,10.4,10.4,62,3.5,0,O,0,3.2,O,10.4,10,10,NA,1015.6,0,0,0,0,0,NA,NA,NA,0.055,0,17.4,49,6.6,16.3,9.22,1.2067,0,NA,234,1,100,10
2026-08-23T01:30:00Z,10.5,10.6,10.4,61,3.3,3.2,OSO,0.54,6.4,SO,10.5,10,10,NA,1015.6,0,0,0,0,0,NA,NA,NA,0.054,0,17.4,49,6.6,16.4,9.21,1.2064,0,NA,233,1,100,10
2026-08-23T01:40:00Z,10.6,10.6,10.5,61,3.3,1.6,OSO,0.27,6.4,OSO,10.6,10.1,10.1,NA,1015.6,0,0,0,0,0,NA,NA,NA,0.054,0,17.4,49,6.6,16.4,9.21,1.2064,0,NA,234,1,100,10
2026-08-23T01:50:00Z,10.4,10.6,10.4,61,3.2,1.6,OSO,0.27,4.8,OSO,10.4,10,10,NA,1015.7,0,0,0,0,0,NA,NA,NA,0.055,0,17.4,49,6.6,16.3,9.22,1.2068,0,NA,234,1,100,10
2026-08-23T02:00:00Z,10.4,10.4,10.4,61,3.2,1.6,OSO,0.27,3.2,OSO,10.4,10,10,NA,1015.6,0,0,0,0,0,NA,NA,NA,0.055,0,17.4,49,6.6,16.3,9.22,1.2068,0.03,NA,234,1,100,10
2026-08-23T02:10:00Z,10.4,10.4,10.4,61,3.2,3.2,OSO,0.54,6.4,OSO,10.4,9.9,9.9,NA,1015.8,0,0,0,0,0,NA,NA,NA,0.055,0,17.4,48,6.3,16.3,9.02,1.2072,0,NA,233,1,100,10
2026-08-23T02:20:00Z,10.3,10.4,10.3,61,3.1,1.6,O,0.27,3.2,O,10.3,9.8,9.8,NA,1015.8,0,0,0,0,0,NA,NA,NA,0.056,0,17.4,48,6.3,16.3,9.02,1.2072,0,NA,235,1,100,10
2026-08-23T02:30:00Z,10.2,10.3,10.2,62,3.3,1.6,O,0.27,4.8,OSO,10.2,9.8,9.8,NA,1015.8,0,0,0,0,0,NA,NA,NA,0.056,0,17.4,48,6.3,16.3,9.02,1.2071,0,NA,234,1,100,10
2026-08-23T02:40:00Z,10.2,10.2,10.2,62,3.2,1.6,O,0.27,4.8,ONO,10.2,9.8,9.8,NA,1015.9,0,0,0,0,0,NA,NA,NA,0.057,0,17.4,48,6.3,16.3,9.02,1.2073,0,NA,232,1,100,10
2026-08-23T02:50:00Z,10.1,10.2,10.1,62,3.2,1.6,OSO,0.27,3.2,ONO,10.1,9.7,9.7,NA,1015.9,0,0,0,0,0,NA,NA,NA,0.057,0,17.4,48,6.3,16.3,9.02,1.2073,0,NA,234,1,100,10
2026-08-23T03:00:00Z,10,10.1,10,62,3,0,OSO,0,3.2,OSO,10,9.6,9.6,NA,1015.8,0,0,0,0,0,NA,NA,NA,0.058,0,17.4,48,6.3,16.3,9.02,1.2072,0.03,NA,234,1,100,10
2026-08-23T03:10:00Z,9.9,10,9.9,62,2.9,0,NA,0,0,NA,9.9,9.5,9.5,NA,1015.7,0,0,0,0,0,NA,NA,NA,0.059,0,17.4,48,6.3,16.3,9.02,1.2071,0,NA,234,1,100,10
2026-08-23T03:20:00Z,9.9,9.9,9.8,62,2.9,0,OSO,0,4.8,OSO,9.9,9.5,9.5,NA,1015.6,0,0,0,0,0,NA,NA,NA,0.059,0,17.3,48,6.2,16.2,9.02,1.2072,0,NA,233,1,100,10
2026-08-23T03:30:00Z,9.9,9.9,9.9,62,3,1.6,OSO,0.27,4.8,OSO,9.9,9.6,9.6,NA,1015.8,0,0,0,0,0,NA,NA,NA,0.058,0,17.3,48,6.2,16.2,9.02,1.2074,0,NA,233,1,100,10
2026-08-23T03:40:00Z,9.9,9.9,9.9,62,3,1.6,O,0.27,4.8,OSO,9.9,9.6,9.6,NA,1015.7,0,0,0,0,0,NA,NA,NA,0.058,0,17.3,48,6.2,16.2,9.02,1.2074,0,NA,233,1,100,10
2026-08-23T03:50:00Z,9.8,9.9,9.8,63,3.1,0,OSO,0,3.2,OSO,9.8,9.4,9.4,NA,1015.8,0,0,0,0,0,NA,NA,NA,0.059,0,17.4,48,6.3,16.3,9.02,1.2072,0,NA,233,1,100,10
2026-08-23T04:00:00Z,9.6,9.8,9.6,63,2.9,1.6,OSO,0.27,4.8,OSO,9.6,9.2,9.2,NA,1015.7,0,0,0,0,0,NA,NA,NA,0.061,0,17.3,48,6.2,16.2,9.02,1.2074,0.03,NA,233,1,100,10
2026-08-23T04:10:00Z,9.7,9.7,9.6,63,3,1.6,OSO,0.27,4.8,O,9.7,9.3,9.3,NA,1015.8,0,0,0,0,0,NA,NA,NA,0.06,0,17.3,48,6.2,16.2,9.02,1.2075,0,NA,233,1,100,10
2026-08-23T04:20:00Z,9.6,9.7,9.6,63,2.9,1.6,OSO,0.27,6.4,OSO,9.6,9.2,9.2,NA,1015.7,0,0,0,0,0,NA,NA,NA,0.061,0,17.3,48,6.2,16.2,9.02,1.2074,0,NA,235,1,100,10
2026-08-23T04:30:00Z,9.4,9.6,9.4,63,2.7,1.6,OSO,0.27,4.8,O,9.4,9.1,9.1,NA,1015.9,0,0,0,0,0,NA,NA,NA,0.062,0,17.3,48,6.2,16.2,9.02,1.2075,0,NA,233,1,100,10
2026-08-23T04:40:00Z,9.4,9.4,9.3,63,2.7,1.6,O,0.27,4.8,OSO,9.4,9,9,NA,1015.8,0,0,0,0,0,NA,NA,NA,0.062,0,17.3,48,6.2,16.1,9.03,1.2077,0,NA,234,1,100,10
2026-08-23T04:50:00Z,9.3,9.4,9.3,63,2.6,1.6,OSO,0.27,3.2,OSO,9.3,8.9,8.9,NA,1015.6,0,0,0,0,0,NA,NA,NA,0.063,0,17.3,48,6.2,16.1,9.03,1.2076,0,NA,234,1,100,10
2026-08-23T05:00:00Z,9.3,9.3,9.3,63,2.6,1.6,O,0.27,4.8,O,9.3,8.9,8.9,NA,1015.6,0,0,0,0,0,NA,NA,NA,0.063,0,17.3,47,5.9,16.1,8.89,1.2078,0.03,NA,233,1,100,10
2026-08-23T05:10:00Z,9.2,9.3,9.2,64,2.7,1.6,O,0.27,3.2,O,9.2,8.8,8.8,NA,1015.6,0,0,0,0,0,NA,NA,NA,0.064,0,17.3,47,5.9,16.1,8.89,1.2078,0,NA,234,1,100,10
2026-08-23T05:20:00Z,9,9.2,9,64,2.5,1.6,OSO,0.27,3.2,O,9,8.6,8.6,NA,1015.6,0,0,0,0,0,NA,NA,NA,0.065,0,17.2,47,5.8,16.1,8.89,1.208,0,NA,233,1,100,10
2026-08-23T05:30:00Z,8.8,9,8.8,65,2.6,1.6,OSO,0.27,4.8,OSO,8.8,8.4,8.4,NA,1015.5,0,0,0,0,0,NA,NA,NA,0.066,0,17.2,47,5.8,16.1,8.89,1.2079,0,NA,233,1,100,10
2026-08-23T05:40:00Z,8.8,8.8,8.8,65,2.6,1.6,OSO,0.27,6.4,OSO,8.8,8.4,8.4,NA,1015.7,0,0,0,0,0,NA,NA,NA,0.066,0,17.2,47,5.8,16.1,8.89,1.2081,0,NA,233,1,100,10
2026-08-23T05:50:00Z,8.7,8.8,8.7,65,2.5,1.6,OSO,0.27,4.8,O,8.7,8.3,8.3,NA,1015.9,0,0,0,0,0,NA,NA,NA,0.067,0,17.2,47,5.8,16.1,8.89,1.2084,0,NA,233,1,100,10
2026-08-23T06:00:00Z,8.6,8.7,8.6,65,2.4,1.6,OSO,0.27,4.8,OSO,8.6,8.2,8.2,NA,1015.8,0,0,0,0,0,NA,NA,NA,0.068,0,17.2,47,5.8,16.1,8.89,1.2082,0.03,NA,232,1,100,10
2026-08-23T06:10:00Z,8.6,8.6,8.6,65,2.3,1.6,O,0.27,4.8,O,8.6,8.2,8.2,NA,1015.6,0,0,0,0,0,NA,NA,NA,0.068,0,17.2,47,5.8,16.1,8.89,1.208,0,NA,233,1,100,10
2026-08-23T06:20:00Z,8.7,8.7,8.6,65,2.5,1.6,O,0.27,4.8,NO,8.7,8.3,8.3,NA,1015.7,0,0,0,0,0,NA,NA,NA,0.067,0,17.2,47,5.8,16,8.89,1.2084,0,NA,234,1,100,10
2026-08-23T06:30:00Z,8.7,8.7,8.7,65,2.4,0,O,0,3.2,O,8.7,8.3,8.3,NA,1015.6,0,0,0,0,0,NA,NA,NA,0.067,0,17.2,47,5.8,16,8.89,1.2083,0,NA,235,1,100,10
2026-08-23T06:40:00Z,8.6,8.7,8.6,65,2.3,0,O,0,4.8,OSO,8.6,8.2,8.2,NA,1015.4,0,0,0,0,0,NA,NA,NA,0.068,0,17.2,47,5.8,16,8.89,1.2081,0,NA,232,1,100,10
2026-08-23T06:50:00Z,8.6,8.6,8.5,65,2.3,1.6,O,0.27,4.8,O,8.6,8.2,8.2,NA,1015.2,0,0,0,0,0,NA,NA,NA,0.068,0,17.2,47,5.8,16,8.89,1.2078,0,NA,232,1,100,10
2026-08-23T07:00:00Z,8.6,8.6,8.6,65,2.3,0,O,0,3.2,O,8.6,8.2,8.2,NA,1015.3,0,0,0,0,0,NA,NA,NA,0.068,0,17.2,47,5.8,16,8.89,1.2079,0,NA,233,1,100,10
2026-08-23T07:10:00Z,8.5,8.6,8.5,65,2.3,1.6,O,0.27,3.2,ONO,8.5,8.1,8.1,NA,1015.3,0,0,0,0,0,NA,NA,NA,0.068,0,17.2,47,5.8,16,8.89,1.2079,0,NA,234,1,100,10
2026-08-23T07:20:00Z,8.3,8.6,8.3,66,2.3,1.6,O,0.27,3.2,O,8.3,7.9,7.9,NA,1015.2,0,0,0,0,0,NA,NA,NA,0.069,0,17.2,47,5.8,16,8.89,1.2078,0,NA,234,1,100,10
2026-08-23T07:30:00Z,8.2,8.3,8.2,66,2.2,0,O,0,1.6,O,8.2,7.8,7.8,NA,1015.1,0,0,0,0,0,NA,NA,NA,0.07,0,17.2,47,5.8,16,8.89,1.2076,0,NA,234,1,100,10
2026-08-23T07:40:00Z,8.3,8.3,8.2,66,2.3,0,O,0,3.2,O,8.3,7.9,7.9,NA,1015.2,0,0,0,0,0,NA,NA,NA,0.07,0,17.1,47,5.7,15.9,8.89,1.2081,0,NA,235,1,100,10
2026-08-23T07:50:00Z,8.4,8.4,8.3,65,2.2,1.6,ONO,0.27,3.2,O,8.4,8,8,NA,1015.1,0,0,0,0,0,NA,NA,NA,0.069,0,17.1,47,5.7,15.9,8.89,1.208,0,NA,233,1,100,10
2026-08-23T08:00:00Z,8.5,8.5,8.3,65,2.3,3.2,O,0.54,6.4,O,8.5,8.1,8.1,NA,1015.2,0,0,0,0,0,NA,NA,NA,0.068,0,17.1,47,5.7,15.9,8.89,1.2081,0.03,NA,233,1,100,10
2026-08-23T08:10:00Z,8.4,8.5,8.4,65,2.2,1.6,OSO,0.27,4.8,OSO,8.4,8,8,NA,1015.1,0,0,0,0,0,NA,NA,NA,0.069,0,17.1,47,5.7,15.9,8.89,1.208,0,NA,232,1,100,10
2026-08-23T08:20:00Z,8.2,8.4,8.2,66,2.2,1.6,OSO,0.27,3.2,OSO,8.2,7.8,7.8,NA,1015.1,0,0,0,0,0,NA,NA,NA,0.07,0,17.1,47,5.6,15.9,8.9,1.2083,0,NA,231,1,100,10
2026-08-23T08:30:00Z,8.1,8.2,8.1,66,2.1,1.6,OSO,0.27,4.8,OSO,8.1,7.7,7.7,NA,1015.1,0,0,0,0,0,NA,NA,NA,0.071,0,17.1,47,5.6,15.9,8.9,1.2082,0,NA,234,1,100,10
2026-08-23T08:40:00Z,7.9,8.1,7.9,66,2,1.6,O,0.27,3.2,O,7.9,7.6,7.6,NA,1015,0,0,0,0,0,NA,NA,NA,0.072,0,17.1,47,5.6,15.9,8.9,1.2081,0,NA,233,1,100,10
2026-08-23T08:50:00Z,8,8,7.9,66,2,1.6,OSO,0.27,4.8,OSO,8,7.6,7.6,NA,1015.1,0,0,0,0,0,NA,NA,NA,0.072,0,17.1,47,5.6,15.9,8.9,1.2082,0,NA,232,1,100,10
2026-08-23T09:00:00Z,8.1,8.2,8,66,2.1,3.2,OSO,0.54,4.8,OSO,8.1,7.7,7.7,NA,1015.1,0,0,0,0,0,NA,NA,NA,0.071,0,17.1,47,5.6,15.9,8.9,1.2083,0.03,NA,231,1,100,10
2026-08-23T09:10:00Z,8.2,8.2,8.2,65,2,3.2,OSO,0.54,4.8,OSO,8.2,7.8,7.8,NA,1015.1,0,0,0,0,0,NA,NA,NA,0.071,0,17.1,47,5.6,15.9,8.9,1.2082,0,NA,233,1,100,10
2026-08-23T09:20:00Z,8.3,8.3,8.2,65,2.1,1.6,OSO,0.27,6.4,O,8.3,7.9,7.9,NA,1015.3,0,0,0,0,0,NA,NA,NA,0.07,0,17.1,47,5.6,15.9,8.9,1.2085,0,NA,232,1,100,10
2026-08-23T09:30:00Z,8.3,8.3,8.3,65,2.1,1.6,O,0.27,6.4,OSO,8.3,7.9,7.9,NA,1015.7,0,0,0,0,0,NA,NA,NA,0.069,0,17,47,5.6,15.8,8.9,1.2092,0,NA,234,1,100,10
2026-08-23T09:40:00Z,8.4,8.4,8.3,64,2,3.2,OSO,0.54,9.7,O,8.4,8.1,8.1,NA,1015.7,0,0,0,0,0,NA,NA,NA,0.069,0,17,46,5.3,15.8,8.75,1.2095,0,NA,233,1,100,10
2026-08-23T09:50:00Z,8.3,8.4,8.3,64,1.9,3.2,OSO,0.54,6.4,OSO,8.3,7.9,7.9,NA,1015.8,0,0,0,0,0,NA,NA,NA,0.069,0,17,46,5.3,15.8,8.75,1.2096,0,NA,233,1,100,10
2026-08-23T10:00:00Z,8.3,8.3,8.2,65,2.1,3.2,OSO,0.54,4.8,OSO,8.3,7.9,7.9,NA,1015.9,0,0,0,0,0,NA,NA,NA,0.07,0,17,46,5.3,15.8,8.75,1.2097,0.03,NA,234,1,100,10
2026-08-23T10:10:00Z,8.2,8.2,8.2,65,2,3.2,O,0.54,6.4,O,8.2,7.8,7.8,NA,1016.1,0,0,0,0,0,NA,NA,NA,0.07,0,17,46,5.3,15.8,8.75,1.2099,0,NA,231,1,100,10
2026-08-23T10:20:00Z,8.3,8.3,8.2,65,2.1,1.6,OSO,0.27,4.8,O,8.3,7.9,7.9,NA,1016.3,0,0,0,0,0,NA,NA,NA,0.07,0,16.9,46,5.2,15.7,8.75,1.2105,0,NA,232,1,100,10
2026-08-23T10:30:00Z,8.3,8.3,8.3,65,2.1,1.6,OSO,0.27,3.2,OSO,8.3,7.9,7.9,NA,1016.4,0,0,0,0,0,NA,NA,NA,0.069,0,16.9,46,5.2,15.7,8.75,1.2105,0,NA,234,1,100,10
2026-08-23T10:40:00Z,8.3,8.3,8.3,65,2.1,3.2,O,0.54,8,SSO,8.3,7.9,7.9,NA,1016.5,0,0,6,0.09,11,NA,NA,NA,0.069,0,16.9,46,5.2,15.7,8.75,1.2107,0,NA,232,1,100,10
2026-08-23T10:50:00Z,8.2,8.3,8.2,65,2,3.2,OSO,0.54,6.4,OSO,8.2,7.8,7.8,NA,1016.4,0,0,14,0.2,18,NA,NA,NA,0.07,0,16.9,46,5.2,15.7,8.75,1.2105,0,NA,232,1,100,10
2026-08-23T11:00:00Z,8.3,8.3,8.2,65,2.1,3.2,OSO,0.54,6.4,OSO,8.3,7.9,7.9,NA,1016.6,0,0,22,0.32,26,NA,NA,NA,0.07,0,16.9,46,5.2,15.7,8.75,1.2108,0.03,NA,233,1,100,10
2026-08-23T11:10:00Z,8.3,8.3,8.3,64,1.9,3.2,O,0.54,8,SO,8.3,7.9,7.9,NA,1016.8,0,0,32,0.46,37,NA,NA,NA,0.069,0,16.9,46,5.2,15.7,8.75,1.2113,0,NA,234,1,100,10
2026-08-23T11:20:00Z,8.3,8.3,8.3,64,1.9,3.2,OSO,0.54,8,OSO,8.3,7.9,7.9,NA,1016.8,0,0,46,0.66,54,NA,NA,NA,0.069,0,16.9,46,5.2,15.7,8.75,1.2113,0,NA,234,1,100,10
2026-08-23T11:30:00Z,8.4,8.4,8.3,64,2,1.6,OSO,0.27,6.4,O,8.4,8,8,NA,1016.9,0,0,68,0.97,84,NA,NA,NA,0.069,0,16.9,46,5.2,15.7,8.75,1.2114,0,NA,230,1,100,10
2026-08-23T11:40:00Z,8.4,8.4,8.4,64,2,1.6,O,0.27,6.4,OSO,8.4,8.1,8.1,NA,1017,0,0,97,1.39,114,NA,NA,NA,0.069,0,16.8,46,5.1,15.6,8.76,1.2118,0,NA,233,1,100,10
2026-08-23T11:50:00Z,8.7,8.7,8.4,64,2.2,1.6,OSO,0.27,6.4,ONO,8.7,8.3,8.3,NA,1017.2,0,0,125,1.79,141,NA,NA,NA,0.067,0,16.9,46,5.2,15.7,8.75,1.2118,0,NA,231,1,100,10
2026-08-23T12:00:00Z,8.8,8.8,8.7,64,2.4,1.6,O,0.27,4.8,OSO,8.8,8.4,8.4,NA,1017.3,0,0,148,2.12,155,NA,NA,NA,0.066,0,16.8,46,5.1,15.6,8.76,1.2122,0.05,NA,230,1,100,10
2026-08-23T12:10:00Z,9.1,9.1,8.8,64,2.7,1.6,O,0.27,4.8,O,9.1,8.7,8.7,NA,1017.4,0,0,171,2.45,246,NA,NA,NA,0.064,0,16.8,46,5.1,15.6,8.76,1.2123,0,NA,234,1,100,10
2026-08-23T12:20:00Z,9.4,9.4,9.1,62,2.5,3.2,O,0.54,9.7,O,9.4,9.1,9.1,NA,1017.3,0,0,293,4.2,371,NA,NA,NA,0.062,0,16.8,46,5.1,15.6,8.76,1.2122,0,NA,234,1,100,10
2026-08-23T12:30:00Z,9.9,9.9,9.4,62,2.9,3.2,OSO,0.54,9.7,ONO,9.9,9.5,9.5,NA,1017.4,0,0,303,4.34,332,NA,NA,NA,0.059,0,16.8,46,5.1,15.6,8.76,1.2123,0,NA,233,1,100,10
2026-08-23T12:40:00Z,10.2,10.2,9.9,62,3.3,3.2,O,0.54,6.4,ONO,10.2,9.8,9.8,NA,1017.3,0,0,346,4.96,376,NA,NA,NA,0.056,0,16.8,46,5.1,15.6,8.76,1.2125,0,NA,234,1,100,10
2026-08-23T12:50:00Z,10.6,10.6,10.3,62,3.6,3.2,O,0.54,11.3,O,10.6,10.2,10.2,NA,1017.6,0,0,303,4.34,390,NA,NA,NA,0.054,0,16.8,46,5.1,15.6,8.76,1.2129,0,NA,234,1,100,10
2026-08-23T13:00:00Z,10.5,10.7,10.5,62,3.5,4.8,O,0.8,11.3,O,10.4,10.1,9.9,NA,1017.8,0,0,264,3.78,285,NA,NA,NA,0.054,0,16.8,46,5.1,15.6,8.76,1.213,0.15,NA,234,1,100,10
2026-08-23T13:10:00Z,10.6,10.6,10.4,63,3.8,3.2,O,0.54,6.4,O,10.6,10.1,10.1,NA,1018,0,0,260,3.73,279,NA,NA,NA,0.054,0,16.8,46,5.1,15.6,8.76,1.2132,0,NA,234,1,100,10
2026-08-23T13:20:00Z,10.8,10.8,10.6,62,3.8,4.8,O,0.8,11.3,O,10.8,10.3,10.3,NA,1017.9,0,0,271,3.88,297,NA,NA,NA,0.052,0,16.8,46,5.1,15.6,8.76,1.2129,0,NA,235,1,100,10
2026-08-23T13:30:00Z,11.2,11.2,10.8,62,4.2,4.8,O,0.8,11.3,ONO,11.2,10.7,10.7,NA,1018,0,0,316,4.53,373,NA,NA,NA,0.049,0,16.8,46,5.1,15.6,8.76,1.2132,0,NA,234,1,100,10
2026-08-23T13:40:00Z,11.6,11.6,11.2,61,4.3,4.8,O,0.8,12.9,O,11.6,11.1,11.1,NA,1018,0,0,426,6.11,555,NA,NA,NA,0.047,0,16.8,46,5.1,15.6,8.76,1.2133,0,NA,234,1,100,10
2026-08-23T13:50:00Z,12.3,12.3,11.6,60,4.7,4.8,OSO,0.8,9.7,O,12.3,11.6,11.6,NA,1018.1,0,0,452,6.48,494,NA,NA,NA,0.042,0,16.8,47,5.4,15.6,8.91,1.2131,0,NA,234,1,100,10
2026-08-23T14:00:00Z,12.8,12.8,12.3,58,4.7,4.8,O,0.8,9.7,O,12.8,12,12,NA,1018,0,0,464,6.65,482,NA,NA,NA,0.039,0,16.8,47,5.4,15.6,8.91,1.213,0.2,NA,234,1,100,10
2026-08-23T14:10:00Z,13,13,12.8,56,4.4,6.4,OSO,1.07,14.5,OSO,12.8,12.2,12,NA,1018.1,0,0,510,7.31,536,NA,NA,NA,0.037,0,16.8,47,5.4,15.6,8.91,1.2132,0,NA,234,1,100,10
2026-08-23T14:20:00Z,13.4,13.4,13,53,4,6.4,O,1.07,14.5,OSO,13.3,12.4,12.3,NA,1017.7,0,0,566,8.11,591,NA,NA,NA,0.034,0,16.8,47,5.4,15.6,8.91,1.2127,0,NA,235,1,100,10
2026-08-23T14:30:00Z,13.6,13.6,13.4,53,4.1,4.8,O,0.8,14.5,OSO,13.6,12.6,12.6,NA,1017.5,0,0,600,8.6,605,NA,NA,NA,0.033,0,16.8,47,5.4,15.7,8.9,1.2122,0,NA,231,1,100,10
2026-08-23T14:40:00Z,13.8,13.8,13.6,52,4.1,6.4,O,1.07,16.1,O,13.8,12.8,12.8,NA,1017.6,0,0,552,7.91,585,NA,NA,NA,0.032,0,16.8,47,5.4,15.6,8.91,1.2126,0,NA,232,1,100,10
2026-08-23T14:50:00Z,14.1,14.1,13.8,51,4.1,6.4,O,1.07,12.9,OSO,14.1,13,13,NA,1017.6,0,0,521,7.47,545,NA,NA,NA,0.03,0,16.8,46,5.1,15.6,8.76,1.2125,0,NA,234,1,100,10
2026-08-23T15:00:00Z,14.6,14.6,14.1,50,4.2,4.8,OSO,0.8,11.3,OSO,14.6,13.4,13.4,NA,1017.4,0,0,595,8.53,635,NA,NA,NA,0.026,0,16.8,46,5.1,15.6,8.76,1.2123,0.36,NA,232,1,100,10
2026-08-23T15:10:00Z,15,15,14.6,48,4.1,4.8,O,0.8,9.7,O,15,13.8,13.8,NA,1017.3,0,0,654,9.38,661,NA,NA,NA,0.023,0,16.9,46,5.2,15.7,8.75,1.2119,0,NA,234,1,100,10
2026-08-23T15:20:00Z,14.9,15,14.9,46,3.4,6.4,OSO,1.07,16.1,OSO,14.9,13.7,13.7,NA,1017.3,0,0,668,9.58,673,NA,NA,NA,0.024,0,16.9,46,5.2,15.7,8.75,1.2119,0,NA,233,1,100,10
2026-08-23T15:30:00Z,15,15,14.8,47,3.8,4.8,OSO,0.8,12.9,OSO,15,13.8,13.8,NA,1017.1,0,0,574,8.23,714,NA,NA,NA,0.023,0,16.9,46,5.2,15.7,8.75,1.2117,0,NA,235,1,100,10
2026-08-23T15:40:00Z,15,15,15,47,3.8,4.8,O,0.8,12.9,ONO,15,13.8,13.8,NA,1017,0,0,686,9.83,712,NA,NA,NA,0.023,0,16.9,46,5.2,15.7,8.75,1.2113,0,NA,234,1,100,10
2026-08-23T15:50:00Z,15.4,15.4,15,47,4.1,4.8,OSO,0.8,14.5,O,15.4,14.2,14.2,NA,1016.8,0,0,684,9.81,686,NA,NA,NA,0.02,0,16.9,46,5.2,15.7,8.75,1.2111,0,NA,232,1,100,10
2026-08-23T16:00:00Z,15.5,15.5,15.3,47,4.2,4.8,O,0.8,14.5,OSO,15.5,14.3,14.3,NA,1016.7,0,0,686,9.83,689,NA,NA,NA,0.02,0,17,46,5.3,15.8,8.75,1.2107,0.38,NA,233,1,100,10
2026-08-23T16:10:00Z,15.6,15.6,15.5,47,4.3,4.8,OSO,0.8,12.9,ONO,15.6,14.4,14.4,NA,1016.6,0,0,687,9.85,687,NA,NA,NA,0.019,0,17,46,5.3,15.8,8.75,1.2106,0,NA,233,1,100,10
2026-08-23T16:20:00Z,15.5,15.6,15.3,48,4.5,4.8,O,0.8,14.5,O,15.5,14.3,14.3,NA,1016.4,0,0,687,9.85,689,NA,NA,NA,0.02,0,17.1,46,5.3,15.8,8.74,1.21,0,NA,233,1,100,10
2026-08-23T16:30:00Z,15.8,15.9,15.5,47,4.5,4.8,OSO,0.8,12.9,OSO,15.8,14.6,14.6,NA,1016.3,0,0,684,9.81,686,NA,NA,NA,0.018,0,17.1,46,5.4,15.9,8.74,1.2097,0,NA,233,1,100,10
2026-08-23T16:40:00Z,16,16,15.8,47,4.7,1.6,O,0.27,6.4,O,16,14.8,14.8,NA,1016.3,0,0,680,9.75,682,NA,NA,NA,0.016,0,17.1,46,5.4,15.9,8.74,1.2096,0,NA,205,1,89.9,10
2026-08-23T16:50:00Z,16.4,16.4,16,46,4.7,3.2,OSO,0.54,6.4,O,16.4,15.2,15.2,NA,1016.2,0,0,675,9.68,679,NA,NA,NA,0.014,0,17.2,46,5.4,15.9,8.73,1.2093,0,NA,231,1,100,10
2026-08-23T17:00:00Z,16.3,16.6,16.3,46,4.7,3.2,OSO,0.54,9.7,O,16.3,15.1,15.1,NA,1016.1,0,0,669,9.59,671,NA,NA,NA,0.014,0,17.2,46,5.4,15.9,8.73,1.2091,0.36,NA,230,1,100,10
2026-08-23T17:10:00Z,16.4,16.4,16.3,46,4.7,3.2,O,0.54,9.7,O,16.4,15.2,15.2,NA,1016,0,0,658,9.43,663,NA,NA,NA,0.014,0,17.2,46,5.4,15.9,8.73,1.209,0,NA,234,1,100,10
2026-08-23T17:20:00Z,16.5,16.5,16.3,46,4.8,4.8,OSO,0.8,11.3,O,16.5,15.3,15.3,NA,1015.9,0,0,647,9.27,652,NA,NA,NA,0.013,0,17.2,46,5.5,16,8.73,1.2086,0,NA,233,1,100,10
2026-08-23T17:30:00Z,16.6,16.7,16.4,46,4.9,3.2,OSO,0.54,12.9,O,16.6,15.3,15.3,NA,1015.7,0,0,637,9.13,645,NA,NA,NA,0.012,0,17.2,46,5.5,16,8.73,1.2084,0,NA,233,1,100,10
2026-08-23T17:40:00Z,16.6,16.6,16.4,46,4.9,3.2,O,0.54,12.9,O,16.6,15.4,15.4,NA,1015.5,0,0,618,8.86,626,NA,NA,NA,0.012,0,17.2,46,5.5,16,8.73,1.2081,0,NA,230,1,100,10
2026-08-23T17:50:00Z,16.5,16.7,16.5,46,4.8,4.8,O,0.8,12.9,OSO,16.5,15.3,15.3,NA,1015.3,0,0,612,8.77,617,NA,NA,NA,0.013,0,17.2,46,5.5,16,8.73,1.2079,0,NA,231,1,100,10
2026-08-23T18:00:00Z,16.4,16.5,16.4,47,5.1,4.8,OSO,0.8,11.3,O,16.4,15.2,15.2,NA,1015.2,0,0,602,8.63,621,NA,NA,NA,0.013,0,17.2,46,5.5,16,8.73,1.2078,0.36,NA,233,1,100,10
2026-08-23T18:10:00Z,16.9,16.9,16.4,46,5.2,1.6,O,0.27,9.7,O,16.9,15.7,15.7,NA,1015.2,0,0,571,8.19,585,NA,NA,NA,0.01,0,17.2,46,5.5,16,8.73,1.2078,0,NA,233,1,100,10
2026-08-23T18:20:00Z,17,17.2,16.9,46,5.3,3.2,OSO,0.54,11.3,O,17,15.8,15.8,NA,1015.1,0,0,554,7.94,559,NA,NA,NA,0.009,0,17.2,46,5.5,16,8.73,1.2076,0,NA,233,1,100,10
2026-08-23T18:30:00Z,16.7,17,16.7,47,5.3,3.2,O,0.54,11.3,O,16.7,15.5,15.5,NA,1015,0,0,537,7.7,545,NA,NA,NA,0.012,0,17.2,46,5.5,16,8.73,1.2075,0,NA,233,1,100,10
2026-08-23T18:40:00Z,16.8,16.8,16.7,47,5.4,4.8,O,0.8,22.5,OSO,16.8,15.7,15.7,NA,1015.1,0,0,510,7.31,524,NA,NA,NA,0.01,0,17.3,46,5.5,16.1,8.73,1.2074,0,NA,232,1,100,10
2026-08-23T18:50:00Z,16.8,16.9,16.8,48,5.7,3.2,O,0.54,9.7,O,16.8,15.7,15.7,NA,1015.2,0,0,485,6.95,499,NA,NA,NA,0.01,0,17.3,47,5.9,16.1,8.89,1.2072,0,NA,233,1,100,10
2026-08-23T19:00:00Z,16.8,16.8,16.8,47,5.4,3.2,O,0.54,11.3,ONO,16.8,15.7,15.7,NA,1015,0,0,457,6.55,471,NA,NA,NA,0.01,0,17.2,46,5.5,16,8.73,1.2076,0.33,NA,233,1,100,10
2026-08-23T19:10:00Z,16.8,16.9,16.7,47,5.4,3.2,O,0.54,8,OSO,16.8,15.6,15.6,NA,1015,0,0,430,6.16,441,NA,NA,NA,0.011,0,17.2,47,5.8,16.1,8.89,1.2073,0,NA,233,1,100,10
2026-08-23T19:20:00Z,16.7,16.9,16.7,47,5.3,3.2,O,0.54,12.9,OSO,16.7,15.5,15.5,NA,1014.7,0,0,405,5.81,417,NA,NA,NA,0.012,0,17.2,47,5.8,16.1,8.89,1.207,0,NA,232,1,100,10
2026-08-23T19:30:00Z,16.7,16.7,16.6,48,5.6,3.2,O,0.54,12.9,O,16.7,15.5,15.5,NA,1014.9,0,0,377,5.4,390,NA,NA,NA,0.012,0,17.2,47,5.8,16.1,8.89,1.2071,0,NA,234,1,100,10
2026-08-23T19:40:00Z,16.7,16.7,16.7,49,5.9,3.2,O,0.54,11.3,O,16.7,15.6,15.6,NA,1014.8,0,0,349,5,364,NA,NA,NA,0.012,0,17.2,47,5.8,16.1,8.89,1.2071,0,NA,234,1,100,10
2026-08-23T19:50:00Z,16.8,16.9,16.7,48,5.7,3.2,OSO,0.54,9.7,OSO,16.8,15.6,15.6,NA,1014.8,0,0,319,4.57,332,NA,NA,NA,0.011,0,17.2,47,5.8,16.1,8.89,1.207,0,NA,235,1,100,10
2026-08-23T20:00:00Z,16.7,16.8,16.7,49,5.9,3.2,O,0.54,12.9,O,16.7,15.6,15.6,NA,1014.7,0,0,289,4.14,302,NA,NA,NA,0.012,0,17.2,47,5.8,16,8.89,1.2072,0.25,NA,232,1,100,10
2026-08-23T20:10:00Z,16.8,16.8,16.6,49,6,1.6,O,0.27,9.7,ONO,16.8,15.7,15.7,NA,1014.8,0,0,258,3.7,271,NA,NA,NA,0.011,0,17.2,47,5.8,16,8.89,1.2074,0,NA,234,1,100,10
2026-08-23T20:20:00Z,16.6,16.8,16.6,49,5.8,3.2,O,0.54,12.9,O,16.6,15.5,15.5,NA,1014.6,0,0,230,3.3,243,NA,NA,NA,0.012,0,17.2,47,5.8,16.1,8.89,1.2068,0,NA,232,1,100,10
2026-08-23T20:30:00Z,16.5,16.6,16.4,49,5.7,1.6,O,0.27,6.4,OSO,16.5,15.4,15.4,NA,1014.8,0,0,200,2.87,214,NA,NA,NA,0.013,0,17.2,47,5.8,16,8.89,1.2073,0,NA,232,1,100,10
2026-08-23T20:40:00Z,16.3,16.5,16.3,50,5.9,3.2,O,0.54,9.7,O,16.3,15.2,15.2,NA,1014.9,0,0,170,2.44,183,NA,NA,NA,0.014,0,17.2,47,5.8,16,8.89,1.2074,0,NA,230,1,100,10
2026-08-23T20:50:00Z,16.2,16.3,16.2,50,5.8,1.6,O,0.27,4.8,OSO,16.2,15.1,15.1,NA,1014.9,0,0,140,2.01,153,NA,NA,NA,0.015,0,17.2,47,5.8,16,8.89,1.2074,0,NA,229,1,100,10
2026-08-23T21:00:00Z,16.3,16.3,16.2,50,5.9,1.6,O,0.27,4.8,OSO,16.3,15.2,15.2,NA,1015,0,0,110,1.58,125,NA,NA,NA,0.014,0,17.2,47,5.8,16,8.89,1.2076,0.13,NA,233,1,100,10
2026-08-23T21:10:00Z,16.1,16.3,16.1,51,5.9,1.6,O,0.27,6.4,SO,16.1,15,15,NA,1015.1,0,0,61,0.87,91,NA,NA,NA,0.016,0,17.2,47,5.8,16,8.89,1.2076,0,NA,233,1,100,10
2026-08-23T21:20:00Z,15.8,16.1,15.8,52,5.9,1.6,ONO,0.27,6.4,O,15.8,14.8,14.8,NA,1015.1,0,0,39,0.56,54,NA,NA,NA,0.018,0,17.2,47,5.8,16,8.89,1.2076,0,NA,233,1,100,10
2026-08-23T21:30:00Z,15.5,15.7,15.5,52,5.7,1.6,O,0.27,6.4,OSO,15.5,14.5,14.5,NA,1015.1,0,0,24,0.34,33,NA,NA,NA,0.02,0,17.2,47,5.8,16,8.89,1.2076,0,NA,234,1,100,10
2026-08-23T21:40:00Z,15.3,15.5,15.3,53,5.7,1.6,O,0.27,4.8,O,15.3,14.3,14.3,NA,1015.1,0,0,9,0.13,16,NA,NA,NA,0.021,0,17.2,47,5.8,16,8.89,1.2076,0,NA,234,1,100,10
2026-08-23T21:50:00Z,15,15.3,15,54,5.8,3.2,OSO,0.54,8,OSO,15,14.1,14.1,NA,1015.2,0,0,1,0.01,5,NA,NA,NA,0.023,0,17.2,47,5.8,16,8.89,1.2078,0,NA,234,1,100,10
2026-08-23T22:00:00Z,14.9,15,14.9,55,5.9,1.6,OSO,0.27,4.8,O,14.9,14,14,NA,1015.2,0,0,0,0,0,NA,NA,NA,0.024,0,17.2,47,5.8,16,8.89,1.2078,0.03,NA,235,1,100,10
2026-08-23T22:10:00Z,14.7,14.9,14.7,56,6,1.6,OSO,0.27,6.4,O,14.7,13.8,13.8,NA,1015.3,0,0,0,0,0,NA,NA,NA,0.025,0,17.1,48,6,15.9,9.04,1.208,0,NA,234,1,100,10
2026-08-23T22:20:00Z,14.4,14.7,14.4,57,6,3.2,OSO,0.54,6.4,OSO,14.4,13.6,13.6,NA,1015,0,0,0,0,0,NA,NA,NA,0.027,0,17.1,48,6,15.9,9.04,1.2076,0,NA,231,1,100,10
2026-08-23T22:30:00Z,14.3,14.4,14.3,57,5.9,1.6,OSO,0.27,4.8,OSO,14.3,13.5,13.5,NA,1015.2,0,0,0,0,0,NA,NA,NA,0.028,0,17.1,48,6,15.9,9.04,1.2078,0,NA,233,1,100,10
2026-08-23T22:40:00Z,14.2,14.3,14.2,57,5.8,0,OSO,0,3.2,OSO,14.2,13.3,13.3,NA,1015.3,0,0,0,0,0,NA,NA,NA,0.029,0,17.2,48,6.1,16,9.03,1.2077,0,NA,234,1,100,10
2026-08-23T22:50:00Z,13.9,14.2,13.9,58,5.8,1.6,OSO,0.27,3.2,OSO,13.9,13.2,13.2,NA,1015.2,0,0,0,0,0,NA,NA,NA,0.03,0,17.1,48,6,15.9,9.04,1.2079,0,NA,232,1,100,10
2026-08-23T23:00:00Z,13.8,13.9,13.8,59,5.9,1.6,OSO,0.27,4.8,ONO,13.8,13,13,NA,1015.4,0,0,0,0,0,NA,NA,NA,0.032,0,17.2,48,6.1,16,9.03,1.2079,0.05,NA,232,1,100,10
2026-08-23T23:10:00Z,13.6,13.8,13.6,59,5.7,1.6,OSO,0.27,4.8,OSO,13.6,12.8,12.8,NA,1015.6,0,0,0,0,0,NA,NA,NA,0.033,0,17.2,49,6.4,16.1,9.23,1.2078,0,NA,234,1,100,10
2026-08-23T23:20:00Z,13.4,13.6,13.4,59,5.6,1.6,OSO,0.27,4.8,OSO,13.4,12.7,12.7,NA,1015.5,0,0,0,0,0,NA,NA,NA,0.034,0,17.2,49,6.4,16.1,9.23,1.2077,0,NA,234,1,100,10
2026-08-23T23:30:00Z,13.3,13.4,13.3,60,5.7,1.6,OSO,0.27,4.8,SO,13.3,12.6,12.6,NA,1015.5,0,0,0,0,0,NA,NA,NA,0.035,0,17.2,49,6.4,16.1,9.23,1.2077,0,NA,231,1,100,10
2026-08-23T23:40:00Z,13.1,13.3,13.1,60,5.5,3.2,OSO,0.54,6.4,SO,13.1,12.3,12.3,NA,1016.1,0,0,0,0,0,NA,NA,NA,0.037,0,17.2,49,6.4,16.1,9.23,1.2084,0,NA,233,1,100,10
2026-08-23T23:50:00Z,12.7,13.1,12.7,60,5.1,3.2,OSO,0.54,6.4,OSO,12.7,12,12,NA,1016,0,0,0,0,0,NA,NA,NA,0.039,0,17.1,48,6,15.9,9.04,1.2088,0,NA,230,1,100,10
2026-08-24T00:00:00Z,12.4,12.7,12.4,62,5.3,3.2,OSO,0.54,9.7,O,12.4,11.8,11.8,NA,1015.9,0,0,0,0,0,NA,NA,NA,0.041,0,17.1,48,6,15.9,9.04,1.2086,0.05,NA,234,1,100,10
2026-08-24T00:10:00Z,12.2,12.4,12.2,62,5.1,3.2,OSO,0.54,11.3,OSO,12.2,11.6,11.6,NA,1015.8,0,0,0,0,0,NA,NA,NA,0.043,0,17.1,48,6,15.9,9.04,1.2085,0,NA,232,1,100,10
2026-08-24T00:20:00Z,12,12.2,12,62,4.9,3.2,OSO,0.54,11.3,O,12,11.4,11.4,NA,1015.8,0,0,0,0,0,NA,NA,NA,0.044,0,17.1,48,6,15.9,9.04,1.2086,0,NA,230,1,100,10
2026-08-24T00:30:00Z,11.8,12,11.8,63,5,3.2,OSO,0.54,6.4,O,11.8,11.3,11.3,NA,1016.2,0,0,0,0,0,NA,NA,NA,0.045,0,17.1,48,6,15.9,9.04,1.2093,0,NA,233,1,100,10
2026-08-24T00:40:00Z,11.7,11.8,11.7,64,5.1,1.6,OSO,0.27,6.4,O,11.7,11.2,11.2,NA,1016.2,0,0,0,0,0,NA,NA,NA,0.046,0,17.1,48,6,15.9,9.04,1.2093,0,NA,232,1,100,10
2026-08-24T00:50:00Z,11.6,11.7,11.6,63,4.8,3.2,OSO,0.54,6.4,OSO,11.6,11.1,11.1,NA,1016.1,0,0,0,0,0,NA,NA,NA,0.047,0,17.1,48,6,15.9,9.04,1.2089,0,NA,234,1,100,10
2026-08-24T01:00:00Z,11.4,11.6,11.4,64,4.9,3.2,OSO,0.54,8,SSO,11.4,10.9,10.9,NA,1015.9,0,0,0,0,0,NA,NA,NA,0.048,0,17.1,48,6,15.9,9.04,1.209,0.03,NA,230,1,100,10
2026-08-24T01:10:00Z,11.4,11.4,11.4,63,4.6,4.8,OSO,0.8,11.3,O,11.4,10.9,10.9,NA,1015.8,0,0,0,0,0,NA,NA,NA,0.048,0,17.1,48,6,15.9,9.04,1.2088,0,NA,232,1,100,10
2026-08-24T01:20:00Z,11.3,11.4,11.3,64,4.7,4.8,OSO,0.8,9.7,OSO,11.2,10.8,10.7,NA,1016,0,0,0,0,0,NA,NA,NA,0.049,0,17,48,5.9,15.8,9.05,1.2093,0,NA,231,1,100,10
2026-08-24T01:30:00Z,11.1,11.2,11.1,64,4.6,3.2,OSO,0.54,8,OSO,11.1,10.7,10.7,NA,1016.2,0,0,0,0,0,NA,NA,NA,0.05,0,17.1,48,6,15.9,9.04,1.2093,0,NA,234,1,100,10
2026-08-24T01:40:00Z,11.1,11.1,11.1,64,4.5,3.2,OSO,0.54,8,SO,11.1,10.6,10.6,NA,1016.2,0,0,0,0,0,NA,NA,NA,0.051,0,17.1,48,6,15.9,9.04,1.2093,0,NA,233,1,100,10
2026-08-24T01:50:00Z,11,11.1,11,64,4.4,3.2,OSO,0.54,6.4,OSO,11,10.6,10.6,NA,1016.4,0,0,0,0,0,NA,NA,NA,0.051,0,17.1,48,6,15.9,9.04,1.2095,0,NA,233,1,100,10
2026-08-24T02:00:00Z,11,11,11,64,4.4,3.2,OSO,0.54,9.7,O,11,10.6,10.6,NA,1016.6,0,0,0,0,0,NA,NA,NA,0.051,0,17,48,5.9,15.8,9.05,1.21,0.03,NA,233,1,100,10
2026-08-24T02:10:00Z,10.9,11,10.9,64,4.4,4.8,OSO,0.8,9.7,O,10.9,10.5,10.4,NA,1016.6,0,0,0,0,0,NA,NA,NA,0.051,0,17,48,5.9,15.8,9.05,1.2101,0,NA,233,1,100,10
2026-08-24T02:20:00Z,10.8,10.9,10.8,64,4.3,4.8,OSO,0.8,11.3,OSO,10.8,10.4,10.3,NA,1016.6,0,0,0,0,0,NA,NA,NA,0.052,0,17,48,5.9,15.8,9.05,1.2101,0,NA,232,1,100,10
2026-08-24T02:30:00Z,10.7,10.8,10.7,64,4.2,4.8,OSO,0.8,9.7,O,10.6,10.3,10.2,NA,1016.7,0,0,0,0,0,NA,NA,NA,0.053,0,16.9,48,5.9,15.8,9.05,1.2104,0,NA,233,1,100,10
2026-08-24T02:40:00Z,10.7,10.8,10.7,64,4.2,4.8,OSO,0.8,12.9,OSO,10.6,10.3,10.2,NA,1016.5,0,0,0,0,0,NA,NA,NA,0.053,0,16.9,48,5.9,15.8,9.05,1.2102,0,NA,234,1,100,10
2026-08-24T02:50:00Z,10.6,10.7,10.6,64,4.1,4.8,OSO,0.8,12.9,O,10.5,10.2,10.1,NA,1016.4,0,0,0,0,0,NA,NA,NA,0.054,0,16.9,47,5.5,15.8,8.9,1.2103,0,NA,232,1,100,10
2026-08-24T03:00:00Z,10.5,10.6,10.5,64,4,4.8,OSO,0.8,12.9,O,10.4,10.1,10,NA,1016.5,0,0,0,0,0,NA,NA,NA,0.054,0,16.9,47,5.5,15.8,8.9,1.2104,0.03,NA,232,1,100,10
2026-08-24T03:10:00Z,10.3,10.5,10.3,64,3.8,6.4,OSO,1.07,11.3,OSO,9.8,9.9,9.4,NA,1016.5,0,0,0,0,0,NA,NA,NA,0.056,0,16.9,47,5.5,15.7,8.9,1.2107,0,NA,233,1,100,10
2026-08-24T03:20:00Z,10.2,10.4,10.2,65,3.9,6.4,OSO,1.07,12.9,O,9.6,9.9,9.3,NA,1016.4,0,0,0,0,0,NA,NA,NA,0.056,0,16.9,47,5.5,15.7,8.9,1.2105,0,NA,231,1,100,10
2026-08-24T03:30:00Z,10.1,10.2,10.1,65,3.8,6.4,OSO,1.07,12.9,O,9.4,9.7,9.1,NA,1016.3,0,0,0,0,0,NA,NA,NA,0.057,0,16.9,47,5.5,15.7,8.9,1.2104,0,NA,232,1,100,10
2026-08-24T03:40:00Z,9.9,10.1,9.9,65,3.7,6.4,OSO,1.07,11.3,OSO,9.3,9.6,9,NA,1016.3,0,0,0,0,0,NA,NA,NA,0.058,0,16.9,47,5.5,15.7,8.9,1.2105,0,NA,233,1,100,10
2026-08-24T03:50:00Z,9.9,9.9,9.9,65,3.6,6.4,OSO,1.07,12.9,O,9.3,9.6,8.9,NA,1016.5,0,0,0,0,0,NA,NA,NA,0.059,0,16.8,47,5.4,15.7,8.9,1.2109,0,NA,234,1,100,10
2026-08-24T04:00:00Z,9.9,9.9,9.8,65,3.6,6.4,OSO,1.07,14.5,O,9.3,9.6,8.9,NA,1016.6,0,0,0,0,0,NA,NA,NA,0.059,0,16.8,47,5.4,15.7,8.9,1.2111,0.03,NA,230,1,100,10
2026-08-24T04:10:00Z,9.8,9.9,9.8,65,3.6,4.8,OSO,0.8,11.3,OSO,9.6,9.5,9.3,NA,1016.7,0,0,0,0,0,NA,NA,NA,0.059,0,16.8,47,5.4,15.7,8.9,1.2112,0,NA,234,1,100,10
2026-08-24T04:20:00Z,9.8,9.8,9.8,65,3.6,4.8,O,0.8,11.3,O,9.6,9.5,9.3,NA,1016.7,0,0,0,0,0,NA,NA,NA,0.059,0,16.8,47,5.4,15.7,8.9,1.2113,0,NA,233,1,100,10
2026-08-24T04:30:00Z,9.8,9.8,9.8,65,3.6,4.8,O,0.8,11.3,O,9.6,9.5,9.3,NA,1016.6,0,0,0,0,0,NA,NA,NA,0.059,0,16.8,47,5.4,15.7,8.9,1.2111,0,NA,232,1,100,10
2026-08-24T04:40:00Z,9.7,9.8,9.7,65,3.4,4.8,OSO,0.8,11.3,OSO,9.4,9.3,9.1,NA,1016.5,0,0,0,0,0,NA,NA,NA,0.06,0,16.8,47,5.4,15.7,8.9,1.211,0,NA,234,1,100,10
2026-08-24T04:50:00Z,9.6,9.7,9.6,65,3.3,4.8,OSO,0.8,12.9,O,9.3,9.2,8.9,NA,1016.5,0,0,0,0,0,NA,NA,NA,0.061,0,16.8,47,5.4,15.7,8.9,1.211,0,NA,233,1,100,10
2026-08-24T05:00:00Z,9.3,9.6,9.3,66,3.3,4.8,OSO,0.8,14.5,O,9.1,9,8.7,NA,1016.4,0,0,0,0,0,NA,NA,NA,0.063,0,16.8,47,5.4,15.6,8.91,1.2111,0.03,NA,232,1,100,10
2026-08-24T05:10:00Z,9.2,9.3,9.2,66,3.2,4.8,OSO,0.8,12.9,OSO,8.9,8.9,8.6,NA,1016.2,0,0,0,0,0,NA,NA,NA,0.063,0,16.8,47,5.4,15.6,8.91,1.2109,0,NA,233,1,100,10
2026-08-24T05:20:00Z,9,9.2,9,66,3,6.4,OSO,1.07,12.9,O,8.2,8.7,7.9,NA,1016.4,0,0,0,0,0,NA,NA,NA,0.065,0,16.8,47,5.4,15.6,8.91,1.2112,0,NA,233,1,100,10
2026-08-24T05:30:00Z,8.9,9,8.9,66,2.9,6.4,OSO,1.07,16.1,SSO,8.2,8.6,7.8,NA,1016,0,0,0,0,0,NA,NA,NA,0.065,0,16.8,46,5.1,15.6,8.76,1.2108,0,NA,232,1,100,10
2026-08-24T05:40:00Z,8.8,8.9,8.8,66,2.8,6.4,OSO,1.07,16.1,SO,8.1,8.4,7.7,NA,1016,0,0,0,0,0,NA,NA,NA,0.066,0,16.7,46,5,15.5,8.77,1.2111,0,NA,234,1,100,10
2026-08-24T05:50:00Z,8.8,8.8,8.8,66,2.8,6.4,OSO,1.07,12.9,OSO,8.1,8.4,7.7,NA,1016.1,0,0,0,0,0,NA,NA,NA,0.066,0,16.7,46,5,15.5,8.77,1.2113,0,NA,234,1,100,10
2026-08-24T06:00:00Z,8.7,8.8,8.7,66,2.7,6.4,OSO,1.07,16.1,OSO,7.8,8.3,7.4,NA,1016.1,0,0,0,0,0,NA,NA,NA,0.067,0,16.7,46,5,15.5,8.77,1.2112,0.03,NA,232,1,100,10
2026-08-24T06:10:00Z,8.4,8.7,8.4,66,2.5,6.4,OSO,1.07,14.5,O,7.6,8.1,7.2,NA,1016.2,0,0,0,0,0,NA,NA,NA,0.069,0,16.7,46,5,15.5,8.77,1.2114,0,NA,233,1,100,10
2026-08-24T06:20:00Z,8.3,8.4,8.3,66,2.3,6.4,OSO,1.07,11.3,OSO,7.4,7.9,7,NA,1016.1,0,0,0,0,0,NA,NA,NA,0.07,0,16.7,47,5.3,15.5,8.91,1.2113,0,NA,234,1,100,10
2026-08-24T06:30:00Z,8.2,8.3,8.2,65,2,8,OSO,1.34,19.3,OSO,6.9,7.8,6.6,NA,1016.2,0,0,0,0,0,NA,NA,NA,0.07,0,16.7,47,5.3,15.5,8.91,1.2114,0,NA,233,1,100,10
2026-08-24T06:40:00Z,8.1,8.2,8.1,64,1.7,4.8,OSO,0.8,14.5,OSO,7.7,7.7,7.3,NA,1016.1,0,0,0,0,0,NA,NA,NA,0.071,0,16.7,47,5.3,15.5,8.91,1.2113,0,NA,232,1,100,10
2026-08-24T06:50:00Z,8,8.1,8,64,1.6,4.8,OSO,0.8,11.3,OSO,7.6,7.6,7.2,NA,1015.8,0,0,0,0,0,NA,NA,NA,0.072,0,16.7,47,5.3,15.5,8.91,1.2109,0,NA,232,1,100,10
2026-08-24T07:00:00Z,7.9,8,7.9,62,1.1,6.4,OSO,1.07,14.5,OSO,6.9,7.4,6.4,NA,1015.9,0,0,0,0,0,NA,NA,NA,0.073,0,16.6,47,5.2,15.4,8.91,1.2113,0.03,NA,233,1,100,10
2026-08-24T07:10:00Z,7.9,7.9,7.9,61,0.9,4.8,OSO,0.8,12.9,OSO,7.5,7.5,7.1,NA,1016,0,0,0,0,0,NA,NA,NA,0.072,0,16.6,47,5.2,15.4,8.91,1.2114,0,NA,231,1,100,10
2026-08-24T07:20:00Z,8.1,8.1,7.9,60,0.8,6.4,OSO,1.07,11.3,OSO,7.2,7.7,6.7,NA,1015.9,0,0,0,0,0,NA,NA,NA,0.071,0,16.6,47,5.2,15.4,8.91,1.2113,0,NA,231,1,100,10
2026-08-24T07:30:00Z,8.2,8.2,8.1,59,0.7,8,O,1.34,14.5,OSO,6.9,7.8,6.5,NA,1015.7,0,0,0,0,0,NA,NA,NA,0.07,0,16.6,47,5.2,15.4,8.91,1.2111,0,NA,234,1,100,10
2026-08-24T07:40:00Z,8.3,8.3,8.2,59,0.7,6.4,OSO,1.07,17.7,OSO,7.4,7.8,6.9,NA,1016,0,0,0,0,0,NA,NA,NA,0.07,0,16.6,48,5.5,15.4,9.08,1.2115,0,NA,231,1,100,10
2026-08-24T07:50:00Z,8.2,8.3,8.2,58,0.4,8,OSO,1.34,17.7,O,6.9,7.7,6.4,NA,1016,0,0,0,0,0,NA,NA,NA,0.07,0,16.5,48,5.4,15.3,9.08,1.2117,0,NA,234,1,100,10
2026-08-24T08:00:00Z,8.2,8.2,8.2,57,0.2,6.4,OSO,1.07,17.7,O,7.3,7.7,6.8,NA,1015.8,0,0,0,0,0,NA,NA,NA,0.07,0,16.5,48,5.4,15.3,9.08,1.2115,0.03,NA,235,1,100,10
2026-08-24T08:10:00Z,8.3,8.3,8.2,56,0.1,8,O,1.34,20.9,O,7.1,7.8,6.5,NA,1015.6,0,0,0,0,0,NA,NA,NA,0.069,0,16.5,48,5.4,15.3,9.08,1.2113,0,NA,232,1,100,10
2026-08-24T08:20:00Z,8.3,8.3,8.3,56,0,8,O,1.34,16.1,OSO,7,7.7,6.4,NA,1015.7,0,0,0,0,0,NA,NA,NA,0.07,0,16.4,48,5.4,15.3,9.09,1.2117,0,NA,233,1,100,10
2026-08-24T08:30:00Z,8.1,8.3,8.1,55,-0.5,9.7,O,1.61,22.5,OSO,6.4,7.5,5.8,NA,1015.8,0,0,0,0,0,NA,NA,NA,0.071,0,16.4,49,5.7,15.3,9.29,1.2116,0,NA,234,1,100,10
2026-08-24T08:40:00Z,7.9,8.1,7.9,52,-1.4,9.7,OSO,1.61,19.3,O,6.2,7.3,5.6,NA,1015.9,0,0,0,0,0,NA,NA,NA,0.073,0,16.4,49,5.7,15.3,9.29,1.2117,0,NA,233,1,100,10
2026-08-24T08:50:00Z,7.8,7.9,7.8,51,-1.7,9.7,OSO,1.61,17.7,O,6.1,7.2,5.5,NA,1015.7,0,0,0,0,0,NA,NA,NA,0.073,0,16.4,49,5.6,15.3,9.29,1.2117,0,NA,234,1,100,10
2026-08-24T09:00:00Z,7.7,7.8,7.7,49,-2.3,8,O,1.34,16.1,OSO,6.3,7.1,5.7,NA,1015.6,0,0,0,0,0,NA,NA,NA,0.074,0,16.4,49,5.6,15.3,9.29,1.2116,0.05,NA,233,1,100,10
2026-08-24T09:10:00Z,7.7,7.8,7.7,47,-2.9,8,O,1.34,14.5,O,6.3,7.1,5.7,NA,1015.6,0,0,0,0,0,NA,NA,NA,0.074,0,16.3,49,5.6,15.2,9.29,1.2119,0,NA,234,1,100,10
2026-08-24T09:20:00Z,7.6,7.8,7.6,47,-3,8,O,1.34,17.7,OSO,6.2,6.9,5.5,NA,1015.7,0,0,0,0,0,NA,NA,NA,0.074,0,16.3,50,5.9,15.2,9.42,1.2118,0,NA,234,1,100,10
2026-08-24T09:30:00Z,7.6,7.7,7.6,45,-3.6,8,OSO,1.34,16.1,O,6.2,6.9,5.4,NA,1015.8,0,0,0,0,0,NA,NA,NA,0.074,0,16.4,50,5.9,15.3,9.42,1.2116,0,NA,233,1,100,10
2026-08-24T09:40:00Z,7.6,7.6,7.6,44,-3.9,8,OSO,1.34,19.3,O,6.2,6.9,5.4,NA,1015.9,0,0,0,0,0,NA,NA,NA,0.074,0,16.3,50,5.9,15.2,9.42,1.212,0,NA,233,1,100,10
2026-08-24T09:50:00Z,7.7,7.7,7.6,44,-3.8,8,O,1.34,17.7,OSO,6.3,6.9,5.6,NA,1016.3,0,0,0,0,0,NA,NA,NA,0.074,0,16.4,50,5.9,15.3,9.42,1.2122,0,NA,233,1,100,10
2026-08-24T10:00:00Z,7.6,7.7,7.6,44,-3.9,8,OSO,1.34,16.1,OSO,6.2,6.9,5.4,NA,1016.3,0,0,0,0,0,NA,NA,NA,0.074,0,16.7,52,6.8,15.8,9.75,1.2101,0.05,NA,233,1,100,10
2026-08-24T10:10:00Z,7.5,7.6,7.5,44,-4,8,OSO,1.34,16.1,O,6.1,6.8,5.3,NA,1016.8,0,0,0,0,0,NA,NA,NA,0.075,0,17.2,52,7.2,16.2,9.75,1.2086,0,NA,234,1,100,10
2026-08-24T10:20:00Z,7.4,7.5,7.4,42,-4.7,8,OSO,1.34,20.9,NO,5.9,6.6,5.2,NA,1016.7,0,0,0,0,0,NA,NA,NA,0.076,0,17.4,50,6.9,16.3,9.38,1.2078,0,NA,232,1,100,10
2026-08-24T10:30:00Z,7.3,7.4,7.3,41,-5.1,8,OSO,1.34,17.7,O,5.8,6.5,5,NA,1016.6,0,0,0,0,0,NA,NA,NA,0.077,0,17.4,51,7.1,16.4,9.58,1.2074,0,NA,232,1,100,10
2026-08-24T10:40:00Z,7.2,7.3,7.2,39,-5.8,8,OSO,1.34,20.9,OSO,5.7,6.4,4.9,NA,1016.6,0,0,0,0,0,NA,NA,NA,0.077,0,17.7,51,7.4,16.7,9.57,1.2061,0,NA,233,1,100,10
2026-08-24T10:50:00Z,7.2,7.2,7.2,39,-5.8,9.7,O,1.61,19.3,NO,5.4,6.4,4.6,NA,1016.4,0,0,2,0.03,7,NA,NA,NA,0.077,0,17.8,50,7.3,16.8,9.37,1.2053,0,NA,234,1,100,10
2026-08-24T11:00:00Z,7.2,7.2,7.2,38,-6.2,8,OSO,1.34,16.1,OSO,5.7,6.4,4.9,NA,1016.4,0,0,8,0.11,11,NA,NA,NA,0.077,0,18,50,7.4,17,9.36,1.2045,0.05,NA,234,1,100,10
2026-08-24T11:10:00Z,7.2,7.2,7.2,38,-6.2,8,O,1.34,17.7,O,5.7,6.4,4.9,NA,1016.5,0,0,13,0.19,16,NA,NA,NA,0.077,0,18.2,50,7.6,17.3,9.35,1.2035,0,NA,234,1,100,10
2026-08-24T11:20:00Z,7.2,7.2,7.2,39,-5.8,8,O,1.34,17.7,NO,5.7,6.4,4.9,NA,1016.6,0,0,18,0.26,21,NA,NA,NA,0.077,0,18.6,51,8.3,17.7,9.54,1.2015,0,NA,235,1,100,10
2026-08-24T11:30:00Z,7.3,7.3,7.2,40,-5.4,6.4,O,1.07,19.3,O,6.3,6.6,5.5,NA,1016.6,0,0,23,0.33,26,NA,NA,NA,0.076,0,18.9,51,8.6,18.1,9.53,1.1998,0,NA,233,1,100,10
2026-08-24T11:40:00Z,7.4,7.4,7.3,40,-5.4,6.4,O,1.07,14.5,SSO,6.3,6.6,5.6,NA,1016.3,0,0,31,0.44,37,NA,NA,NA,0.076,0,19.3,52,9.2,18.6,9.72,1.1975,0,NA,234,1,100,10
2026-08-24T11:50:00Z,7.4,7.4,7.3,40,-5.4,6.4,O,1.07,17.7,ONO,6.3,6.6,5.6,NA,1016.4,0,0,47,0.67,54,NA,NA,NA,0.076,0,19.6,51,9.1,18.8,9.51,1.1965,0,NA,234,1,100,10
2026-08-24T12:00:00Z,7.4,7.4,7.3,40,-5.4,6.4,OSO,1.07,16.1,OSO,6.3,6.6,5.6,NA,1016.4,0,0,64,0.92,70,NA,NA,NA,0.076,0,19.8,52,9.6,19.2,9.7,1.1951,0.05,NA,234,1,100,10
2026-08-24T12:10:00Z,7.5,7.5,7.4,40,-5.3,6.4,O,1.07,19.3,ONO,6.5,6.7,5.7,NA,1016.3,0,0,78,1.12,81,NA,NA,NA,0.075,0,19.9,52,9.8,19.3,9.69,1.1942,0,NA,233,1,100,10
2026-08-24T12:20:00Z,7.6,7.6,7.5,40,-5.2,6.4,O,1.07,17.7,O,6.6,6.7,5.7,NA,1016.5,0,0,84,1.2,86,NA,NA,NA,0.075,0,20.1,52,9.9,19.4,9.69,1.1938,0,NA,233,1,100,10
2026-08-24T12:30:00Z,7.7,7.7,7.6,40,-5.1,6.4,O,1.07,14.5,OSO,6.7,6.9,5.9,NA,1016.7,0,0,90,1.29,91,NA,NA,NA,0.074,0,20.2,52,10,19.6,9.68,1.1935,0,NA,234,1,100,10
2026-08-24T12:40:00Z,7.8,7.9,7.7,41,-4.6,6.4,O,1.07,16.1,O,6.8,7,6,NA,1016.7,0,0,91,1.3,95,NA,NA,NA,0.073,0,20.3,52,10.1,19.7,9.68,1.1928,0,NA,233,1,100,10
2026-08-24T12:50:00Z,8,8,7.8,42,-4.2,6.4,O,1.07,14.5,ONO,7.1,7.2,6.3,NA,1016.9,0,0,97,1.39,102,NA,NA,NA,0.072,0,20.4,52,10.3,19.8,9.67,1.1925,0,NA,233,1,100,10
2026-08-24T13:00:00Z,8.2,8.2,8,43,-3.7,4.8,O,0.8,14.5,O,7.8,7.4,7,NA,1017,0,0,115,1.65,127,NA,NA,NA,0.071,0,20.6,53,10.7,19.9,9.87,1.1915,0.08,NA,232,1,100,10
2026-08-24T13:10:00Z,8.3,8.3,8.2,44,-3.3,6.4,O,1.07,16.1,ONO,7.4,7.6,6.7,NA,1017.1,0,0,133,1.91,137,NA,NA,NA,0.07,0,20.8,52,10.6,20,9.66,1.191,0,NA,233,1,100,10
2026-08-24T13:20:00Z,8.5,8.5,8.2,44,-3.1,6.4,O,1.07,12.9,O,7.7,7.8,6.9,NA,1017.2,0,0,138,1.98,139,NA,NA,NA,0.068,0,20.9,53,10.9,20.2,9.86,1.1902,0,NA,234,1,100,10
2026-08-24T13:30:00Z,8.7,8.7,8.5,45,-2.6,4.8,O,0.8,14.5,O,8.3,7.9,7.6,NA,1017.1,0,0,147,2.11,155,NA,NA,NA,0.067,0,20.9,53,11,20.2,9.86,1.1899,0,NA,232,1,100,10
2026-08-24T13:40:00Z,8.8,8.8,8.7,46,-2.2,6.4,O,1.07,14.5,O,8.1,8.1,7.3,NA,1017,0,0,160,2.29,167,NA,NA,NA,0.066,0,21.1,53,11.1,20.3,9.85,1.1893,0,NA,234,1,100,10
2026-08-24T13:50:00Z,9.2,9.2,8.8,47,-1.6,4.8,O,0.8,14.5,ONO,8.9,8.4,8.2,NA,1016.9,0,0,166,2.38,171,NA,NA,NA,0.064,0,21.2,53,11.2,20.4,9.85,1.1886,0,NA,233,1,100,10
2026-08-24T14:00:00Z,9.4,9.4,9.2,48,-1.1,4.8,ONO,0.8,11.3,O,9.1,8.7,8.4,NA,1016.7,0,0,174,2.49,178,NA,NA,NA,0.062,0,21.3,54,11.6,20.6,9.94,1.1872,0.1,NA,234,1,100,10
2026-08-24T14:10:00Z,9.6,9.6,9.4,50,-0.4,8,O,1.34,16.1,SO,8.4,8.9,7.8,NA,1016.5,0,0,184,2.64,200,NA,NA,NA,0.061,0,21.4,53,11.5,20.7,9.83,1.1867,0,NA,233,1,100,10
2026-08-24T14:20:00Z,9.8,9.8,9.6,51,0.2,8,O,1.34,17.7,O,8.8,9.2,8.1,NA,1016.5,0,0,217,3.11,223,NA,NA,NA,0.059,0,21.6,54,11.8,20.9,9.93,1.1858,0,NA,233,1,100,10
2026-08-24T14:30:00Z,10.3,10.3,9.8,53,1.1,4.8,O,0.8,11.3,O,10.2,9.7,9.6,NA,1016.7,0,0,222,3.18,225,NA,NA,NA,0.056,0,21.7,53,11.7,21.1,9.81,1.1855,0,NA,234,1,100,10
2026-08-24T14:40:00Z,10.7,10.7,10.3,57,2.5,6.4,O,1.07,12.9,OSO,10.1,10.1,9.6,NA,1016.7,0,0,227,3.25,234,NA,NA,NA,0.053,0,21.8,54,12.1,21.3,9.92,1.1847,0,NA,235,1,100,10
2026-08-24T14:50:00Z,11.1,11.1,10.7,59,3.3,4.8,O,0.8,12.9,OSO,11,10.5,10.4,NA,1016.8,0,0,260,3.73,272,NA,NA,NA,0.051,0,21.9,53,11.9,21.4,9.79,1.1845,0,NA,233,1,100,10
2026-08-24T15:00:00Z,11.3,11.3,11.1,61,4,4.8,O,0.8,14.5,O,11.2,10.7,10.7,NA,1016.6,0,0,290,4.16,306,NA,NA,NA,0.049,0,22.1,54,12.3,21.7,9.92,1.1834,0.15,NA,233,1,100,10
2026-08-24T15:10:00Z,11.6,11.6,11.3,63,4.8,4.8,O,0.8,14.5,OSO,11.6,11.1,11.1,NA,1016.6,0,0,320,4.59,338,NA,NA,NA,0.047,0,22.2,53,12.1,21.8,9.77,1.1831,0,NA,231,1,100,10
2026-08-24T15:20:00Z,11.9,11.9,11.6,64,5.3,4.8,O,0.8,14.5,O,11.9,11.3,11.3,NA,1016.4,0,0,349,5,355,NA,NA,NA,0.045,0,22.2,54,12.5,21.9,9.91,1.1823,0,NA,233,1,100,10
2026-08-24T15:30:00Z,12.3,12.3,11.9,65,5.9,4.8,O,0.8,14.5,O,12.3,11.7,11.7,NA,1016.1,0,0,351,5.03,357,NA,NA,NA,0.042,0,22.3,54,12.6,22.1,9.91,1.1814,0,NA,232,1,100,10
2026-08-24T15:40:00Z,12.5,12.5,12.3,65,6.1,4.8,ONO,0.8,19.3,ONO,12.5,11.9,11.9,NA,1015.8,0,0,384,5.5,399,NA,NA,NA,0.041,0,22.4,54,12.7,22.2,9.9,1.1805,0,NA,234,1,100,10
2026-08-24T15:50:00Z,12.9,12.9,12.5,65,6.5,4.8,ONO,0.8,17.7,OSO,12.9,12.4,12.4,NA,1015.6,0,0,426,6.11,441,NA,NA,NA,0.037,0,22.3,49,11,21.7,9.05,1.1827,0,NA,233,1,100,10
2026-08-24T16:00:00Z,13.3,13.3,12.9,65,6.9,4.8,O,0.8,11.3,OSO,13.3,12.8,12.8,NA,1015.7,0,0,430,6.16,436,NA,NA,NA,0.035,0,21.9,48,10.4,21.1,8.88,1.185,0.2,NA,233,1,100,10
2026-08-24T16:10:00Z,13.7,13.7,13.4,64,7,3.2,SO,0.54,14.5,ONO,13.7,13.1,13.1,NA,1015.4,0,0,403,5.78,417,NA,NA,NA,0.032,0,21.5,47,9.7,20.5,8.75,1.187,0,NA,234,1,100,10
2026-08-24T16:20:00Z,14,14,13.7,63,7.1,3.2,S,0.54,8,SSO,14,13.4,13.4,NA,1015.4,0,0,358,5.13,378,NA,NA,NA,0.03,0,21.3,48,9.8,20.3,8.86,1.1877,0,NA,234,1,100,10
2026-08-24T16:30:00Z,13.9,14,13.9,63,7,3.2,O,0.54,11.3,ONO,13.9,13.3,13.3,NA,1015.1,0,0,339,4.86,350,NA,NA,NA,0.03,0,21.2,49,10,20.2,9.05,1.1876,0,NA,233,1,100,10
2026-08-24T16:40:00Z,14.1,14.1,13.9,63,7.2,3.2,OSO,0.54,11.3,O,14.1,13.5,13.5,NA,1014.4,0,0,438,6.28,626,NA,NA,NA,0.029,0,21.1,49,10,20.1,9.05,1.187,0,NA,233,1,100,10
2026-08-24T16:50:00Z,14.4,14.4,14.1,63,7.4,4.8,SSO,0.8,11.3,S,14.4,13.8,13.8,NA,1014.5,0,0,424,6.08,483,NA,NA,NA,0.027,0,21.1,47,9.4,20,8.75,1.1878,0,NA,234,1,100,10
2026-08-24T17:00:00Z,14.5,14.5,14.4,63,7.5,3.2,NNO,0.54,11.3,NNE,14.5,13.9,13.9,NA,1014.5,0,0,355,5.09,383,NA,NA,NA,0.027,0,21.1,48,9.6,20,8.85,1.1877,0.18,NA,233,1,100,10
2026-08-24T17:10:00Z,14.5,14.6,14.5,62,7.3,3.2,S,0.54,8,NO,14.5,13.8,13.8,NA,1014.1,0,0,335,4.8,341,NA,NA,NA,0.027,0,20.8,48,9.4,19.9,8.86,1.1884,0,NA,233,1,100,10
2026-08-24T17:20:00Z,14.5,14.6,14.4,62,7.3,3.2,ONO,0.54,11.3,O,14.5,13.8,13.8,NA,1014,0,0,353,5.06,364,NA,NA,NA,0.027,0,20.4,48,9,19.5,8.88,1.1903,0,NA,233,1,100,10
2026-08-24T17:30:00Z,14.7,14.7,14.5,62,7.5,3.2,S,0.54,9.7,SSE,14.7,14,14,NA,1013.5,0,0,367,5.26,378,NA,NA,NA,0.025,0,20.1,49,9,19.3,9.09,1.1912,0,NA,233,1,100,10
2026-08-24T17:40:00Z,14.8,14.8,14.7,62,7.6,3.2,SSO,0.54,9.7,S,14.8,14.2,14.2,NA,1013.4,0,0,360,5.16,367,NA,NA,NA,0.024,0,19.8,49,8.8,19,9.1,1.1925,0,NA,233,1,100,10
2026-08-24T17:50:00Z,15,15,14.8,62,7.8,3.2,ONO,0.54,14.5,NO,15,14.3,14.3,NA,1013.2,0,0,360,5.16,371,NA,NA,NA,0.023,0,19.6,49,8.5,18.7,9.11,1.1933,0,NA,234,1,100,10
2026-08-24T18:00:00Z,15,15,15,61,7.5,3.2,ONO,0.54,8,SSE,15,14.3,14.3,NA,1013.1,0,0,388,5.56,417,NA,NA,NA,0.023,0,19.4,49,8.4,18.6,9.11,1.1936,0.23,NA,235,1,100,10
2026-08-24T18:10:00Z,15.3,15.4,15,61,7.8,3.2,ONO,0.54,9.7,O,15.3,14.7,14.7,NA,1013,0,0,419,6.01,461,NA,NA,NA,0.021,0,19.3,50,8.6,18.6,9.31,1.1939,0,NA,234,1,100,10
2026-08-24T18:20:00Z,15.5,15.6,15.4,61,8,3.2,NO,0.54,9.7,O,15.5,14.8,14.8,NA,1013,0,0,384,5.5,394,NA,NA,NA,0.02,0,19.2,50,8.5,18.4,9.32,1.1943,0,NA,234,1,100,10
2026-08-24T18:30:00Z,15.3,15.6,15.3,61,7.8,4.8,ONO,0.8,11.3,O,15.3,14.7,14.7,NA,1012.8,0,0,406,5.82,454,NA,NA,NA,0.021,0,19.2,50,8.5,18.3,9.32,1.1945,0,NA,233,1,100,10
2026-08-24T18:40:00Z,15.7,15.7,15.3,61,8.2,3.2,O,0.54,11.3,ONO,15.7,15,15,NA,1012.8,0,0,476,6.82,531,NA,NA,NA,0.019,0,19.1,50,8.4,18.2,9.32,1.195,0,NA,234,1,100,10
2026-08-24T18:50:00Z,16.3,16.3,15.7,60,8.5,3.2,S,0.54,11.3,S,16.3,15.6,15.6,NA,1012.7,0,0,517,7.41,612,NA,NA,NA,0.014,0,19.1,50,8.4,18.2,9.32,1.1948,0,NA,233,1,100,10
2026-08-24T19:00:00Z,16.1,16.3,16.1,59,8,3.2,S,0.54,11.3,ONO,16.1,15.3,15.3,NA,1012.7,0,0,338,4.85,408,NA,NA,NA,0.016,0,19.1,50,8.4,18.2,9.32,1.1949,0.28,NA,234,1,100,10
2026-08-24T19:10:00Z,15.9,16.1,15.9,59,7.9,1.6,O,0.27,8,SO,15.9,15.2,15.2,NA,1012.9,0,0,268,3.84,283,NA,NA,NA,0.017,0,19,50,8.3,18.1,9.33,1.1953,0,NA,234,1,100,10
2026-08-24T19:20:00Z,15.6,15.9,15.6,60,7.9,3.2,O,0.54,9.7,O,15.6,14.9,14.9,NA,1012.9,0,0,196,2.81,227,NA,NA,NA,0.019,0,19,51,8.6,18.2,9.53,1.1951,0,NA,233,1,100,10
2026-08-24T19:30:00Z,15.4,15.6,15.4,59,7.5,3.2,O,0.54,12.9,O,15.4,14.7,14.7,NA,1012.6,0,0,203,2.91,229,NA,NA,NA,0.02,0,18.9,50,8.3,18.1,9.33,1.1953,0,NA,234,1,100,10
2026-08-24T19:40:00Z,15.5,15.5,15.3,60,7.8,1.6,ONO,0.27,6.4,O,15.5,14.8,14.8,NA,1012.4,0,0,231,3.31,248,NA,NA,NA,0.02,0,18.9,51,8.6,18.1,9.53,1.1948,0,NA,234,1,100,10
2026-08-24T19:50:00Z,15.4,15.6,15.4,59,7.4,4.8,O,0.8,16.1,O,15.4,14.6,14.6,NA,1012.2,0,0,257,3.68,364,NA,NA,NA,0.02,0,18.9,51,8.5,18.1,9.53,1.1948,0,NA,234,1,100,10
2026-08-24T20:00:00Z,15.3,15.4,15.3,58,7.1,6.4,O,1.07,16.1,ONO,15.3,14.5,14.5,NA,1012.2,0,0,169,2.42,192,NA,NA,NA,0.021,0,18.8,51,8.4,17.9,9.53,1.1954,0.15,NA,234,1,100,10
2026-08-24T20:10:00Z,15,15.2,15,59,7,6.4,O,1.07,16.1,OSO,15,14.2,14.2,NA,1012.2,0,0,138,1.98,185,NA,NA,NA,0.023,0,18.8,51,8.4,17.9,9.53,1.1954,0,NA,235,1,100,10
2026-08-24T20:20:00Z,15,15,15,60,7.3,3.2,O,0.54,14.5,O,15,14.3,14.3,NA,1012.1,0,0,117,1.68,134,NA,NA,NA,0.023,0,18.7,51,8.4,17.9,9.54,1.1955,0,NA,234,1,100,10
2026-08-24T20:30:00Z,15,15,15,60,7.3,4.8,O,0.8,14.5,O,15,14.3,14.3,NA,1012.1,0,0,96,1.38,100,NA,NA,NA,0.023,0,18.7,51,8.4,17.9,9.54,1.1955,0,NA,232,1,100,10
2026-08-24T20:40:00Z,14.9,15,14.9,60,7.2,3.2,O,0.54,12.9,O,14.9,14.2,14.2,NA,1012.2,0,0,81,1.16,88,NA,NA,NA,0.024,0,18.7,51,8.3,17.8,9.54,1.1959,0,NA,232,1,100,10
2026-08-24T20:50:00Z,14.9,14.9,14.9,61,7.5,1.6,O,0.27,8,NO,14.9,14.3,14.3,NA,1012.3,0,0,63,0.9,72,NA,NA,NA,0.024,0,18.6,51,8.3,17.7,9.54,1.1962,0,NA,234,1,100,10
2026-08-24T21:00:00Z,14.8,14.9,14.8,61,7.3,3.2,O,0.54,14.5,O,14.8,14.1,14.1,NA,1012.1,0,0,51,0.73,54,NA,NA,NA,0.025,0,18.6,51,8.3,17.7,9.54,1.1961,0.08,NA,233,1,100,10
2026-08-24T21:10:00Z,14.6,14.8,14.6,62,7.4,4.8,O,0.8,12.9,O,14.6,13.9,13.9,NA,1011.9,0,0,45,0.65,47,NA,NA,NA,0.026,0,18.6,51,8.2,17.7,9.54,1.196,0,NA,234,1,100,10
2026-08-24T21:20:00Z,14.5,14.6,14.5,62,7.3,3.2,O,0.54,12.9,OSO,14.5,13.8,13.8,NA,1012,0,0,29,0.42,35,NA,NA,NA,0.027,0,18.6,51,8.2,17.7,9.54,1.1962,0,NA,235,1,100,10
2026-08-24T21:30:00Z,14.3,14.5,14.3,63,7.4,1.6,O,0.27,8,NNO,14.3,13.7,13.7,NA,1011.8,0,0,16,0.23,23,NA,NA,NA,0.028,0,18.6,51,8.2,17.7,9.54,1.1959,0,NA,233,1,100,10
2026-08-24T21:40:00Z,14.2,14.3,14.2,63,7.2,3.2,O,0.54,6.4,O,14.2,13.6,13.6,NA,1012,0,0,4,0.06,9,NA,NA,NA,0.029,0,18.6,51,8.2,17.7,9.54,1.1962,0,NA,234,1,100,10
2026-08-24T21:50:00Z,14.1,14.2,14.1,63,7.1,3.2,O,0.54,6.4,SO,14.1,13.4,13.4,NA,1012.1,0,0,0,0,0,NA,NA,NA,0.03,0,18.5,51,8.2,17.6,9.54,1.1966,0,NA,233,1,100,10
2026-08-24T22:00:00Z,14.1,14.1,14.1,63,7.1,3.2,O,0.54,9.7,ONO,14.1,13.4,13.4,NA,1012.1,0,0,0,0,0,NA,NA,NA,0.03,0,18.5,51,8.2,17.6,9.54,1.1966,0.03,NA,234,1,100,10
2026-08-24T22:10:00Z,14.1,14.1,14.1,64,7.3,3.2,O,0.54,9.7,O,14.1,13.4,13.4,NA,1012,0,0,0,0,0,NA,NA,NA,0.03,0,18.5,51,8.2,17.6,9.54,1.1964,0,NA,233,1,100,10
2026-08-24T22:20:00Z,13.9,14.1,13.9,64,7.2,1.6,O,0.27,6.4,O,13.9,13.3,13.3,NA,1012,0,0,0,0,0,NA,NA,NA,0.03,0,18.5,51,8.2,17.6,9.54,1.1965,0,NA,235,1,100,10
2026-08-24T22:30:00Z,13.9,14,13.9,64,7.2,3.2,OSO,0.54,9.7,O,13.9,13.3,13.3,NA,1011.9,0,0,0,0,0,NA,NA,NA,0.031,0,18.5,51,8.2,17.6,9.54,1.1964,0,NA,234,1,100,10
2026-08-24T22:40:00Z,13.8,13.9,13.8,65,7.3,3.2,O,0.54,8,OSO,13.8,13.2,13.2,NA,1011.9,0,0,0,0,0,NA,NA,NA,0.032,0,18.4,51,8.1,17.6,9.55,1.1966,0,NA,234,1,100,10
2026-08-24T22:50:00Z,13.7,13.8,13.6,65,7.2,4.8,O,0.8,12.9,OSO,13.7,13.1,13.1,NA,1011.8,0,0,0,0,0,NA,NA,NA,0.032,0,18.4,51,8.1,17.6,9.55,1.1965,0,NA,233,1,100,10
2026-08-24T23:00:00Z,13.5,13.7,13.4,65,7,4.8,O,0.8,12.9,O,13.5,12.9,12.9,NA,1011.8,0,0,0,0,0,NA,NA,NA,0.034,0,18.4,51,8.1,17.6,9.55,1.1965,0.05,NA,233,1,100,10
2026-08-24T23:10:00Z,13.3,13.4,13.3,65,6.9,6.4,O,1.07,14.5,O,13.2,12.8,12.7,NA,1011.8,0,0,0,0,0,NA,NA,NA,0.035,0,18.4,51,8.1,17.5,9.55,1.1968,0,NA,234,1,100,10
2026-08-24T23:20:00Z,13.2,13.3,13.2,65,6.7,6.4,OSO,1.07,17.7,OSO,13,12.6,12.4,NA,1011.8,0,0,0,0,0,NA,NA,NA,0.036,0,18.4,51,8.1,17.5,9.55,1.1967,0,NA,233,1,100,10
2026-08-24T23:30:00Z,13,13.2,13,65,6.6,6.4,O,1.07,12.9,OSO,12.8,12.4,12.3,NA,1011.7,0,0,0,0,0,NA,NA,NA,0.037,0,18.4,51,8.1,17.5,9.55,1.1967,0,NA,235,1,100,10
2026-08-24T23:40:00Z,12.8,13,12.8,65,6.4,8,O,1.34,16.1,ONO,12.3,12.3,11.8,NA,1011.5,0,0,0,0,0,NA,NA,NA,0.038,0,18.3,51,8,17.4,9.55,1.1967,0,NA,234,1,100,10
2026-08-24T23:50:00Z,12.7,12.8,12.7,65,6.3,8,O,1.34,17.7,OSO,12.2,12.1,11.6,NA,1011.6,0,0,0,0,0,NA,NA,NA,0.039,0,18.3,51,8,17.4,9.55,1.197,0,NA,233,1,100,10
2026-08-25T00:00:00Z,12.5,12.7,12.5,65,6.1,8,O,1.34,19.3,O,11.9,11.9,11.4,NA,1011.8,0,0,0,0,0,NA,NA,NA,0.041,0,18.2,51,7.9,17.3,9.55,1.1976,0.05,NA,234,1,100,10
2026-08-25T00:10:00Z,12.3,12.5,12.3,65,5.9,6.4,OSO,1.07,14.5,SSO,12,11.7,11.4,NA,1011.7,0,0,0,0,0,NA,NA,NA,0.042,0,18.2,51,7.9,17.3,9.55,1.1975,0,NA,233,1,100,10
2026-08-25T00:20:00Z,12.1,12.3,12.1,65,5.7,8,OSO,1.34,16.1,O,11.5,11.6,10.9,NA,1011.5,0,0,0,0,0,NA,NA,NA,0.043,0,18.2,51,7.9,17.3,9.56,1.1975,0,NA,234,1,100,10
2026-08-25T00:30:00Z,11.9,12.1,11.9,64,5.3,6.4,OSO,1.07,14.5,O,11.6,11.4,11.1,NA,1011.8,0,0,0,0,0,NA,NA,NA,0.044,0,18.2,51,7.9,17.3,9.56,1.1978,0,NA,234,1,100,10
2026-08-25T00:40:00Z,11.9,11.9,11.9,64,5.3,4.8,OSO,0.8,14.5,OSO,11.9,11.3,11.3,NA,1011.7,0,0,0,0,0,NA,NA,NA,0.045,0,18.2,51,7.9,17.3,9.56,1.1977,0,NA,234,1,100,10
2026-08-25T00:50:00Z,11.8,11.9,11.8,64,5.2,6.4,O,1.07,14.5,O,11.5,11.3,10.9,NA,1011.5,0,0,0,0,0,NA,NA,NA,0.045,0,18.2,51,7.9,17.3,9.56,1.1975,0,NA,232,1,100,10
2026-08-25T01:00:00Z,11.7,11.8,11.7,64,5.1,6.4,O,1.07,14.5,O,11.3,11.2,10.8,NA,1011.3,0,0,0,0,0,NA,NA,NA,0.046,0,18.1,51,7.8,17.2,9.56,1.1976,0.05,NA,234,1,100,10
2026-08-25T01:10:00Z,11.6,11.7,11.6,64,5,6.4,OSO,1.07,17.7,O,11.2,11.1,10.7,NA,1011.4,0,0,0,0,0,NA,NA,NA,0.047,0,18.1,51,7.8,17.1,9.56,1.198,0,NA,233,1,100,10
2026-08-25T01:20:00Z,11.6,11.6,11.6,64,5,6.4,O,1.07,14.5,O,11.2,11.1,10.7,NA,1011.5,0,0,0,0,0,NA,NA,NA,0.047,0,18.1,51,7.8,17.1,9.56,1.198,0,NA,234,1,100,10
2026-08-25T01:30:00Z,11.4,11.6,11.4,64,4.9,8,O,1.34,16.1,O,10.7,10.9,10.2,NA,1011.4,0,0,0,0,0,NA,NA,NA,0.048,0,18,52,8,17.1,9.75,1.198,0,NA,232,1,100,10
2026-08-25T01:40:00Z,11.3,11.4,11.3,63,4.5,6.4,O,1.07,14.5,SO,10.8,10.8,10.3,NA,1011.4,0,0,0,0,0,NA,NA,NA,0.049,0,18,51,7.7,17.1,9.56,1.1982,0,NA,235,1,100,10
2026-08-25T01:50:00Z,11.2,11.3,11.2,62,4.2,8,OSO,1.34,16.1,O,10.4,10.7,9.9,NA,1011.6,0,0,0,0,0,NA,NA,NA,0.05,0,18,52,8,17.1,9.75,1.1982,0,NA,234,1,100,10
2026-08-25T02:00:00Z,11.1,11.2,11.1,62,4,8,OSO,1.34,16.1,OSO,10.3,10.6,9.8,NA,1011.6,0,0,0,0,0,NA,NA,NA,0.051,0,18,52,8,17.1,9.75,1.1982,0.03,NA,234,1,100,10
2026-08-25T02:10:00Z,11.1,11.1,11.1,61,3.9,8,OSO,1.34,16.1,O,10.3,10.6,9.8,NA,1011.9,0,0,0,0,0,NA,NA,NA,0.05,0,17.9,52,7.9,17.1,9.75,1.1988,0,NA,231,1,100,10
2026-08-25T02:20:00Z,11.1,11.1,11.1,61,3.9,8,OSO,1.34,16.1,O,10.3,10.6,9.8,NA,1012.1,0,0,0,0,0,NA,NA,NA,0.05,0,17.9,52,7.9,17.1,9.75,1.1991,0,NA,233,1,100,10
2026-08-25T02:30:00Z,11.1,11.2,11.1,62,4.1,9.7,O,1.61,19.3,OSO,10,10.6,9.5,NA,1012.1,0,0,0,0,0,NA,NA,NA,0.05,0,17.9,52,7.9,17.1,9.75,1.1991,0,NA,233,1,100,10
2026-08-25T02:40:00Z,11.1,11.1,11.1,62,4.1,8,O,1.34,16.1,ONO,10.3,10.6,9.8,NA,1012,0,0,0,0,0,NA,NA,NA,0.05,0,17.9,52,7.9,17,9.75,1.1993,0,NA,234,1,100,10
2026-08-25T02:50:00Z,11.1,11.1,11.1,62,4.1,9.7,O,1.61,17.7,OSO,10,10.6,9.5,NA,1011.9,0,0,0,0,0,NA,NA,NA,0.05,0,17.9,52,7.9,17,9.75,1.1991,0,NA,233,1,100,10
2026-08-25T03:00:00Z,11.1,11.1,11.1,63,4.3,9.7,O,1.61,19.3,O,10,10.6,9.5,NA,1011.9,0,0,0,0,0,NA,NA,NA,0.05,0,17.8,52,7.8,16.9,9.75,1.1993,0.05,NA,233,1,100,10
2026-08-25T03:10:00Z,11.1,11.1,11.1,63,4.3,8,O,1.34,19.3,OSO,10.3,10.6,9.8,NA,1011.8,0,0,0,0,0,NA,NA,NA,0.05,0,17.8,51,7.6,16.9,9.57,1.1995,0,NA,232,1,100,10
2026-08-24T14:00:00Z,9.4,9.4,9.2,48,-1.1,4.8,ONO,0.8,11.3,O,9.1,8.7,8.4,NA,1016.7,0,0,174,2.49,178,NA,NA,NA,0.062,0,21.3,54,11.6,20.6,9.94,1.1872,0.1,NA,234,1,100,10
2026-08-24T14:10:00Z,9.6,9.6,9.4,50,-0.4,8,O,1.34,16.1,SO,8.4,8.9,7.8,NA,1016.5,0,0,184,2.64,200,NA,NA,NA,0.061,0,21.4,53,11.5,20.7,9.83,1.1867,0,NA,233,1,100,10
2026-08-24T14:20:00Z,9.8,9.8,9.6,51,0.2,8,O,1.34,17.7,O,8.8,9.2,8.1,NA,1016.5,0,0,217,3.11,223,NA,NA,NA,0.059,0,21.6,54,11.8,20.9,9.93,1.1858,0,NA,233,1,100,10
2026-08-24T14:30:00Z,10.3,10.3,9.8,53,1.1,4.8,O,0.8,11.3,O,10.2,9.7,9.6,NA,1016.7,0,0,222,3.18,225,NA,NA,NA,0.056,0,21.7,53,11.7,21.1,9.81,1.1855,0,NA,234,1,100,10
2026-08-24T14:40:00Z,10.7,10.7,10.3,57,2.5,6.4,O,1.07,12.9,OSO,10.1,10.1,9.6,NA,1016.7,0,0,227,3.25,234,NA,NA,NA,0.053,0,21.8,54,12.1,21.3,9.92,1.1847,0,NA,235,1,100,10
2026-08-24T14:50:00Z,11.1,11.1,10.7,59,3.3,4.8,O,0.8,12.9,OSO,11,10.5,10.4,NA,1016.8,0,0,260,3.73,272,NA,NA,NA,0.051,0,21.9,53,11.9,21.4,9.79,1.1845,0,NA,233,1,100,10
2026-08-24T15:00:00Z,11.3,11.3,11.1,61,4,4.8,O,0.8,14.5,O,11.2,10.7,10.7,NA,1016.6,0,0,290,4.16,306,NA,NA,NA,0.049,0,22.1,54,12.3,21.7,9.92,1.1834,0.15,NA,233,1,100,10
2026-08-24T15:10:00Z,11.6,11.6,11.3,63,4.8,4.8,O,0.8,14.5,OSO,11.6,11.1,11.1,NA,1016.6,0,0,320,4.59,338,NA,NA,NA,0.047,0,22.2,53,12.1,21.8,9.77,1.1831,0,NA,231,1,100,10
2026-08-24T15:20:00Z,11.9,11.9,11.6,64,5.3,4.8,O,0.8,14.5,O,11.9,11.3,11.3,NA,1016.4,0,0,349,5,355,NA,NA,NA,0.045,0,22.2,54,12.5,21.9,9.91,1.1823,0,NA,233,1,100,10
2026-08-24T15:30:00Z,12.3,12.3,11.9,65,5.9,4.8,O,0.8,14.5,O,12.3,11.7,11.7,NA,1016.1,0,0,351,5.03,357,NA,NA,NA,0.042,0,22.3,54,12.6,22.1,9.91,1.1814,0,NA,232,1,100,10
2026-08-24T15:40:00Z,12.5,12.5,12.3,65,6.1,4.8,ONO,0.8,19.3,ONO,12.5,11.9,11.9,NA,1015.8,0,0,384,5.5,399,NA,NA,NA,0.041,0,22.4,54,12.7,22.2,9.9,1.1805,0,NA,234,1,100,10
2026-08-24T15:50:00Z,12.9,12.9,12.5,65,6.5,4.8,ONO,0.8,17.7,OSO,12.9,12.4,12.4,NA,1015.6,0,0,426,6.11,441,NA,NA,NA,0.037,0,22.3,49,11,21.7,9.05,1.1827,0,NA,233,1,100,10
2026-08-24T16:00:00Z,13.3,13.3,12.9,65,6.9,4.8,O,0.8,11.3,OSO,13.3,12.8,12.8,NA,1015.7,0,0,430,6.16,436,NA,NA,NA,0.035,0,21.9,48,10.4,21.1,8.88,1.185,0.2,NA,233,1,100,10
2026-08-24T16:10:00Z,13.7,13.7,13.4,64,7,3.2,SO,0.54,14.5,ONO,13.7,13.1,13.1,NA,1015.4,0,0,403,5.78,417,NA,NA,NA,0.032,0,21.5,47,9.7,20.5,8.75,1.187,0,NA,234,1,100,10
2026-08-24T16:20:00Z,14,14,13.7,63,7.1,3.2,S,0.54,8,SSO,14,13.4,13.4,NA,1015.4,0,0,358,5.13,378,NA,NA,NA,0.03,0,21.3,48,9.8,20.3,8.86,1.1877,0,NA,234,1,100,10
2026-08-24T16:30:00Z,13.9,14,13.9,63,7,3.2,O,0.54,11.3,ONO,13.9,13.3,13.3,NA,1015.1,0,0,339,4.86,350,NA,NA,NA,0.03,0,21.2,49,10,20.2,9.05,1.1876,0,NA,233,1,100,10
2026-08-24T16:40:00Z,14.1,14.1,13.9,63,7.2,3.2,OSO,0.54,11.3,O,14.1,13.5,13.5,NA,1014.4,0,0,438,6.28,626,NA,NA,NA,0.029,0,21.1,49,10,20.1,9.05,1.187,0,NA,233,1,100,10
2026-08-24T16:50:00Z,14.4,14.4,14.1,63,7.4,4.8,SSO,0.8,11.3,S,14.4,13.8,13.8,NA,1014.5,0,0,424,6.08,483,NA,NA,NA,0.027,0,21.1,47,9.4,20,8.75,1.1878,0,NA,234,1,100,10
2026-08-24T17:00:00Z,14.5,14.5,14.4,63,7.5,3.2,NNO,0.54,11.3,NNE,14.5,13.9,13.9,NA,1014.5,0,0,355,5.09,383,NA,NA,NA,0.027,0,21.1,48,9.6,20,8.85,1.1877,0.18,NA,233,1,100,10
2026-08-24T17:10:00Z,14.5,14.6,14.5,62,7.3,3.2,S,0.54,8,NO,14.5,13.8,13.8,NA,1014.1,0,0,335,4.8,341,NA,NA,NA,0.027,0,20.8,48,9.4,19.9,8.86,1.1884,0,NA,233,1,100,10
2026-08-24T17:20:00Z,14.5,14.6,14.4,62,7.3,3.2,ONO,0.54,11.3,O,14.5,13.8,13.8,NA,1014,0,0,353,5.06,364,NA,NA,NA,0.027,0,20.4,48,9,19.5,8.88,1.1903,0,NA,233,1,100,10
2026-08-24T17:30:00Z,14.7,14.7,14.5,62,7.5,3.2,S,0.54,9.7,SSE,14.7,14,14,NA,1013.5,0,0,367,5.26,378,NA,NA,NA,0.025,0,20.1,49,9,19.3,9.09,1.1912,0,NA,233,1,100,10
2026-08-24T17:40:00Z,14.8,14.8,14.7,62,7.6,3.2,SSO,0.54,9.7,S,14.8,14.2,14.2,NA,1013.4,0,0,360,5.16,367,NA,NA,NA,0.024,0,19.8,49,8.8,19,9.1,1.1925,0,NA,233,1,100,10
2026-08-24T17:50:00Z,15,15,14.8,62,7.8,3.2,ONO,0.54,14.5,NO,15,14.3,14.3,NA,1013.2,0,0,360,5.16,371,NA,NA,NA,0.023,0,19.6,49,8.5,18.7,9.11,1.1933,0,NA,234,1,100,10
2026-08-24T18:00:00Z,15,15,15,61,7.5,3.2,ONO,0.54,8,SSE,15,14.3,14.3,NA,1013.1,0,0,388,5.56,417,NA,NA,NA,0.023,0,19.4,49,8.4,18.6,9.11,1.1936,0.23,NA,235,1,100,10
2026-08-24T18:10:00Z,15.3,15.4,15,61,7.8,3.2,ONO,0.54,9.7,O,15.3,14.7,14.7,NA,1013,0,0,419,6.01,461,NA,NA,NA,0.021,0,19.3,50,8.6,18.6,9.31,1.1939,0,NA,234,1,100,10
2026-08-24T18:20:00Z,15.5,15.6,15.4,61,8,3.2,NO,0.54,9.7,O,15.5,14.8,14.8,NA,1013,0,0,384,5.5,394,NA,NA,NA,0.02,0,19.2,50,8.5,18.4,9.32,1.1943,0,NA,234,1,100,10
2026-08-24T18:30:00Z,15.3,15.6,15.3,61,7.8,4.8,ONO,0.8,11.3,O,15.3,14.7,14.7,NA,1012.8,0,0,406,5.82,454,NA,NA,NA,0.021,0,19.2,50,8.5,18.3,9.32,1.1945,0,NA,233,1,100,10
2026-08-24T18:40:00Z,15.7,15.7,15.3,61,8.2,3.2,O,0.54,11.3,ONO,15.7,15,15,NA,1012.8,0,0,476,6.82,531,NA,NA,NA,0.019,0,19.1,50,8.4,18.2,9.32,1.195,0,NA,234,1,100,10
2026-08-24T18:50:00Z,16.3,16.3,15.7,60,8.5,3.2,S,0.54,11.3,S,16.3,15.6,15.6,NA,1012.7,0,0,517,7.41,612,NA,NA,NA,0.014,0,19.1,50,8.4,18.2,9.32,1.1948,0,NA,233,1,100,10
2026-08-24T19:00:00Z,16.1,16.3,16.1,59,8,3.2,S,0.54,11.3,ONO,16.1,15.3,15.3,NA,1012.7,0,0,338,4.85,408,NA,NA,NA,0.016,0,19.1,50,8.4,18.2,9.32,1.1949,0.28,NA,234,1,100,10
2026-08-24T19:10:00Z,15.9,16.1,15.9,59,7.9,1.6,O,0.27,8,SO,15.9,15.2,15.2,NA,1012.9,0,0,268,3.84,283,NA,NA,NA,0.017,0,19,50,8.3,18.1,9.33,1.1953,0,NA,234,1,100,10
2026-08-24T19:20:00Z,15.6,15.9,15.6,60,7.9,3.2,O,0.54,9.7,O,15.6,14.9,14.9,NA,1012.9,0,0,196,2.81,227,NA,NA,NA,0.019,0,19,51,8.6,18.2,9.53,1.1951,0,NA,233,1,100,10
2026-08-24T19:30:00Z,15.4,15.6,15.4,59,7.5,3.2,O,0.54,12.9,O,15.4,14.7,14.7,NA,1012.6,0,0,203,2.91,229,NA,NA,NA,0.02,0,18.9,50,8.3,18.1,9.33,1.1953,0,NA,234,1,100,10
2026-08-24T19:40:00Z,15.5,15.5,15.3,60,7.8,1.6,ONO,0.27,6.4,O,15.5,14.8,14.8,NA,1012.4,0,0,231,3.31,248,NA,NA,NA,0.02,0,18.9,51,8.6,18.1,9.53,1.1948,0,NA,234,1,100,10
2026-08-24T19:50:00Z,15.4,15.6,15.4,59,7.4,4.8,O,0.8,16.1,O,15.4,14.6,14.6,NA,1012.2,0,0,257,3.68,364,NA,NA,NA,0.02,0,18.9,51,8.5,18.1,9.53,1.1948,0,NA,234,1,100,10
2026-08-24T20:00:00Z,15.3,15.4,15.3,58,7.1,6.4,O,1.07,16.1,ONO,15.3,14.5,14.5,NA,1012.2,0,0,169,2.42,192,NA,NA,NA,0.021,0,18.8,51,8.4,17.9,9.53,1.1954,0.15,NA,234,1,100,10
2026-08-24T20:10:00Z,15,15.2,15,59,7,6.4,O,1.07,16.1,OSO,15,14.2,14.2,NA,1012.2,0,0,138,1.98,185,NA,NA,NA,0.023,0,18.8,51,8.4,17.9,9.53,1.1954,0,NA,235,1,100,10
2026-08-24T20:20:00Z,15,15,15,60,7.3,3.2,O,0.54,14.5,O,15,14.3,14.3,NA,1012.1,0,0,117,1.68,134,NA,NA,NA,0.023,0,18.7,51,8.4,17.9,9.54,1.1955,0,NA,234,1,100,10
2026-08-24T20:30:00Z,15,15,15,60,7.3,4.8,O,0.8,14.5,O,15,14.3,14.3,NA,1012.1,0,0,96,1.38,100,NA,NA,NA,0.023,0,18.7,51,8.4,17.9,9.54,1.1955,0,NA,232,1,100,10
2026-08-24T20:40:00Z,14.9,15,14.9,60,7.2,3.2,O,0.54,12.9,O,14.9,14.2,14.2,NA,1012.2,0,0,81,1.16,88,NA,NA,NA,0.024,0,18.7,51,8.3,17.8,9.54,1.1959,0,NA,232,1,100,10
2026-08-24T20:50:00Z,14.9,14.9,14.9,61,7.5,1.6,O,0.27,8,NO,14.9,14.3,14.3,NA,1012.3,0,0,63,0.9,72,NA,NA,NA,0.024,0,18.6,51,8.3,17.7,9.54,1.1962,0,NA,234,1,100,10
2026-08-24T21:00:00Z,14.8,14.9,14.8,61,7.3,3.2,O,0.54,14.5,O,14.8,14.1,14.1,NA,1012.1,0,0,51,0.73,54,NA,NA,NA,0.025,0,18.6,51,8.3,17.7,9.54,1.1961,0.08,NA,233,1,100,10
2026-08-24T21:10:00Z,14.6,14.8,14.6,62,7.4,4.8,O,0.8,12.9,O,14.6,13.9,13.9,NA,1011.9,0,0,45,0.65,47,NA,NA,NA,0.026,0,18.6,51,8.2,17.7,9.54,1.196,0,NA,234,1,100,10
2026-08-24T21:20:00Z,14.5,14.6,14.5,62,7.3,3.2,O,0.54,12.9,OSO,14.5,13.8,13.8,NA,1012,0,0,29,0.42,35,NA,NA,NA,0.027,0,18.6,51,8.2,17.7,9.54,1.1962,0,NA,235,1,100,10
2026-08-24T21:30:00Z,14.3,14.5,14.3,63,7.4,1.6,O,0.27,8,NNO,14.3,13.7,13.7,NA,1011.8,0,0,16,0.23,23,NA,NA,NA,0.028,0,18.6,51,8.2,17.7,9.54,1.1959,0,NA,233,1,100,10
2026-08-24T21:40:00Z,14.2,14.3,14.2,63,7.2,3.2,O,0.54,6.4,O,14.2,13.6,13.6,NA,1012,0,0,4,0.06,9,NA,NA,NA,0.029,0,18.6,51,8.2,17.7,9.54,1.1962,0,NA,234,1,100,10
2026-08-24T21:50:00Z,14.1,14.2,14.1,63,7.1,3.2,O,0.54,6.4,SO,14.1,13.4,13.4,NA,1012.1,0,0,0,0,0,NA,NA,NA,0.03,0,18.5,51,8.2,17.6,9.54,1.1966,0,NA,233,1,100,10
2026-08-24T22:00:00Z,14.1,14.1,14.1,63,7.1,3.2,O,0.54,9.7,ONO,14.1,13.4,13.4,NA,1012.1,0,0,0,0,0,NA,NA,NA,0.03,0,18.5,51,8.2,17.6,9.54,1.1966,0.03,NA,234,1,100,10
2026-08-24T22:10:00Z,14.1,14.1,14.1,64,7.3,3.2,O,0.54,9.7,O,14.1,13.4,13.4,NA,1012,0,0,0,0,0,NA,NA,NA,0.03,0,18.5,51,8.2,17.6,9.54,1.1964,0,NA,233,1,100,10
2026-08-24T22:20:00Z,13.9,14.1,13.9,64,7.2,1.6,O,0.27,6.4,O,13.9,13.3,13.3,NA,1012,0,0,0,0,0,NA,NA,NA,0.03,0,18.5,51,8.2,17.6,9.54,1.1965,0,NA,235,1,100,10
2026-08-24T22:30:00Z,13.9,14,13.9,64,7.2,3.2,OSO,0.54,9.7,O,13.9,13.3,13.3,NA,1011.9,0,0,0,0,0,NA,NA,NA,0.031,0,18.5,51,8.2,17.6,9.54,1.1964,0,NA,234,1,100,10
2026-08-24T22:40:00Z,13.8,13.9,13.8,65,7.3,3.2,O,0.54,8,OSO,13.8,13.2,13.2,NA,1011.9,0,0,0,0,0,NA,NA,NA,0.032,0,18.4,51,8.1,17.6,9.55,1.1966,0,NA,234,1,100,10
2026-08-24T22:50:00Z,13.7,13.8,13.6,65,7.2,4.8,O,0.8,12.9,OSO,13.7,13.1,13.1,NA,1011.8,0,0,0,0,0,NA,NA,NA,0.032,0,18.4,51,8.1,17.6,9.55,1.1965,0,NA,233,1,100,10
2026-08-24T23:00:00Z,13.5,13.7,13.4,65,7,4.8,O,0.8,12.9,O,13.5,12.9,12.9,NA,1011.8,0,0,0,0,0,NA,NA,NA,0.034,0,18.4,51,8.1,17.6,9.55,1.1965,0.05,NA,233,1,100,10
2026-08-24T23:10:00Z,13.3,13.4,13.3,65,6.9,6.4,O,1.07,14.5,O,13.2,12.8,12.7,NA,1011.8,0,0,0,0,0,NA,NA,NA,0.035,0,18.4,51,8.1,17.5,9.55,1.1968,0,NA,234,1,100,10
2026-08-24T23:20:00Z,13.2,13.3,13.2,65,6.7,6.4,OSO,1.07,17.7,OSO,13,12.6,12.4,NA,1011.8,0,0,0,0,0,NA,NA,NA,0.036,0,18.4,51,8.1,17.5,9.55,1.1967,0,NA,233,1,100,10
2026-08-24T23:30:00Z,13,13.2,13,65,6.6,6.4,O,1.07,12.9,OSO,12.8,12.4,12.3,NA,1011.7,0,0,0,0,0,NA,NA,NA,0.037,0,18.4,51,8.1,17.5,9.55,1.1967,0,NA,235,1,100,10
2026-08-24T23:40:00Z,12.8,13,12.8,65,6.4,8,O,1.34,16.1,ONO,12.3,12.3,11.8,NA,1011.5,0,0,0,0,0,NA,NA,NA,0.038,0,18.3,51,8,17.4,9.55,1.1967,0,NA,234,1,100,10
2026-08-24T23:50:00Z,12.7,12.8,12.7,65,6.3,8,O,1.34,17.7,OSO,12.2,12.1,11.6,NA,1011.6,0,0,0,0,0,NA,NA,NA,0.039,0,18.3,51,8,17.4,9.55,1.197,0,NA,233,1,100,10
2026-08-25T00:00:00Z,12.5,12.7,12.5,65,6.1,8,O,1.34,19.3,O,11.9,11.9,11.4,NA,1011.8,0,0,0,0,0,NA,NA,NA,0.041,0,18.2,51,7.9,17.3,9.55,1.1976,0.05,NA,234,1,100,10
2026-08-25T00:10:00Z,12.3,12.5,12.3,65,5.9,6.4,OSO,1.07,14.5,SSO,12,11.7,11.4,NA,1011.7,0,0,0,0,0,NA,NA,NA,0.042,0,18.2,51,7.9,17.3,9.55,1.1975,0,NA,233,1,100,10
2026-08-25T00:20:00Z,12.1,12.3,12.1,65,5.7,8,OSO,1.34,16.1,O,11.5,11.6,10.9,NA,1011.5,0,0,0,0,0,NA,NA,NA,0.043,0,18.2,51,7.9,17.3,9.56,1.1975,0,NA,234,1,100,10
2026-08-25T00:30:00Z,11.9,12.1,11.9,64,5.3,6.4,OSO,1.07,14.5,O,11.6,11.4,11.1,NA,1011.8,0,0,0,0,0,NA,NA,NA,0.044,0,18.2,51,7.9,17.3,9.56,1.1978,0,NA,234,1,100,10
2026-08-25T00:40:00Z,11.9,11.9,11.9,64,5.3,4.8,OSO,0.8,14.5,OSO,11.9,11.3,11.3,NA,1011.7,0,0,0,0,0,NA,NA,NA,0.045,0,18.2,51,7.9,17.3,9.56,1.1977,0,NA,234,1,100,10
2026-08-25T00:50:00Z,11.8,11.9,11.8,64,5.2,6.4,O,1.07,14.5,O,11.5,11.3,10.9,NA,1011.5,0,0,0,0,0,NA,NA,NA,0.045,0,18.2,51,7.9,17.3,9.56,1.1975,0,NA,232,1,100,10
2026-08-25T01:00:00Z,11.7,11.8,11.7,64,5.1,6.4,O,1.07,14.5,O,11.3,11.2,10.8,NA,1011.3,0,0,0,0,0,NA,NA,NA,0.046,0,18.1,51,7.8,17.2,9.56,1.1976,0.05,NA,234,1,100,10
2026-08-25T01:10:00Z,11.6,11.7,11.6,64,5,6.4,OSO,1.07,17.7,O,11.2,11.1,10.7,NA,1011.4,0,0,0,0,0,NA,NA,NA,0.047,0,18.1,51,7.8,17.1,9.56,1.198,0,NA,233,1,100,10
2026-08-25T01:20:00Z,11.6,11.6,11.6,64,5,6.4,O,1.07,14.5,O,11.2,11.1,10.7,NA,1011.5,0,0,0,0,0,NA,NA,NA,0.047,0,18.1,51,7.8,17.1,9.56,1.198,0,NA,234,1,100,10
2026-08-25T01:30:00Z,11.4,11.6,11.4,64,4.9,8,O,1.34,16.1,O,10.7,10.9,10.2,NA,1011.4,0,0,0,0,0,NA,NA,NA,0.048,0,18,52,8,17.1,9.75,1.198,0,NA,232,1,100,10
2026-08-25T01:40:00Z,11.3,11.4,11.3,63,4.5,6.4,O,1.07,14.5,SO,10.8,10.8,10.3,NA,1011.4,0,0,0,0,0,NA,NA,NA,0.049,0,18,51,7.7,17.1,9.56,1.1982,0,NA,235,1,100,10
2026-08-25T01:50:00Z,11.2,11.3,11.2,62,4.2,8,OSO,1.34,16.1,O,10.4,10.7,9.9,NA,1011.6,0,0,0,0,0,NA,NA,NA,0.05,0,18,52,8,17.1,9.75,1.1982,0,NA,234,1,100,10
2026-08-25T02:00:00Z,11.1,11.2,11.1,62,4,8,OSO,1.34,16.1,OSO,10.3,10.6,9.8,NA,1011.6,0,0,0,0,0,NA,NA,NA,0.051,0,18,52,8,17.1,9.75,1.1982,0.03,NA,234,1,100,10
2026-08-25T02:10:00Z,11.1,11.1,11.1,61,3.9,8,OSO,1.34,16.1,O,10.3,10.6,9.8,NA,1011.9,0,0,0,0,0,NA,NA,NA,0.05,0,17.9,52,7.9,17.1,9.75,1.1988,0,NA,231,1,100,10
2026-08-25T02:20:00Z,11.1,11.1,11.1,61,3.9,8,OSO,1.34,16.1,O,10.3,10.6,9.8,NA,1012.1,0,0,0,0,0,NA,NA,NA,0.05,0,17.9,52,7.9,17.1,9.75,1.1991,0,NA,233,1,100,10
2026-08-25T02:30:00Z,11.1,11.2,11.1,62,4.1,9.7,O,1.61,19.3,OSO,10,10.6,9.5,NA,1012.1,0,0,0,0,0,NA,NA,NA,0.05,0,17.9,52,7.9,17.1,9.75,1.1991,0,NA,233,1,100,10
2026-08-25T02:40:00Z,11.1,11.1,11.1,62,4.1,8,O,1.34,16.1,ONO,10.3,10.6,9.8,NA,1012,0,0,0,0,0,NA,NA,NA,0.05,0,17.9,52,7.9,17,9.75,1.1993,0,NA,234,1,100,10
2026-08-25T02:50:00Z,11.1,11.1,11.1,62,4.1,9.7,O,1.61,17.7,OSO,10,10.6,9.5,NA,1011.9,0,0,0,0,0,NA,NA,NA,0.05,0,17.9,52,7.9,17,9.75,1.1991,0,NA,233,1,100,10
2026-08-25T03:00:00Z,11.1,11.1,11.1,63,4.3,9.7,O,1.61,19.3,O,10,10.6,9.5,NA,1011.9,0,0,0,0,0,NA,NA,NA,0.05,0,17.8,52,7.8,16.9,9.75,1.1993,0.05,NA,233,1,100,10
2026-08-25T03:10:00Z,11.1,11.1,11.1,63,4.3,8,O,1.34,19.3,OSO,10.3,10.6,9.8,NA,1011.8,0,0,0,0,0,NA,NA,NA,0.05,0,17.8,51,7.6,16.9,9.57,1.1995,0,NA,232,1,100,10
